﻿"ticker","base_score","adj_score","dups","has_word","amt_cr","top_title"
"RETAIL","0.854407","0.854407","1","True","0","Urban Company IPO: Retail hand mops up on Day 1"
"RAYMOND","0.826974","0.826974","1","True","0","Raymond open to acquisitions, bets on real estate for next growth phase"
"GAIL","0.742877","0.742877","1","True","0","GAIL eyes stock exchange listing of city gas distribution arm"
"GLOBAL","0.437545","0.637441","1","True","550","CVC Capital to exit Healthcare Global via  ₹550 crore block deal"
"ACC","0.716948","0.537711","1","False","0","Dev Accelerator IPO: Investors make beeline"
"UPL","0.468649","0.468649","1","True","0","UPL Share Price Live Updates: UPL's Volatility Metrics"
"HINDALCO","0.468315","0.468315","1","True","0","Hindalco Share Price Live Updates: Hindalco's Six-Month Beta Revealed"
"GRASIM","0.468228","0.468228","1","True","0","Grasim Inds Share Price Live Updates: Grasim Industries' stock volatility metrics"
"WIPRO","0.468159","0.468159","1","True","0","Wipro Share Price Live Updates: Wipro's low beta reflects cautious investor sentiment"
"ITC","0.468046","0.468046","1","True","0","ITC Share Price Live Updates: ITC's beta showcases a stable investment profile"
"TCS","0.46784","0.46784","1","True","0","TCS Share Price Live Updates: TCS's beta value suggests consistent performance"
"STAR","0.531374","0.467702","1","False","10","Deutsche Bank Distressed Desk Nets $100 Million on EchoStar Bets"
"BIL","0.430939","0.431172","1","False","100","Nebius CEO Arkady Volozh Is $1 Billion Richer After Microsoft AI Deal"
"SUMIT","0.327045","0.367926","1","False","6256","Kotak Mahindra Bank shares in focus as Sumitomo exits with Rs 6,256 crore block deal"
"APOLLO","1","0.333333","3","True","0","Tega Industries, Apollo Funds plan to buy Molycop in $1.5-billion deal"
"BSE","0.408947","0.327158","1","True","0","Bajaj Allianz Life launches BSE 500 Enhanced Value 50 Index Fund"
"CIPLA","0.319473","0.319473","1","True","0","Cipla Share Price Live Updates: Cipla's Stability in Market Performance"
"MARUTI","0.318866","0.318866","1","True","0","Maruti Suzuki Share Price Live Updates: Maruti Suzuki's six-month beta analysis"
"PAR","0.38704","0.29028","1","False","0","Embassy Office Parks REIT rejects Sterling Wilson Renewable Energy claim"
"WEL","0.341379","0.256034","1","False","0","SWELECT Energy Systems appoints Arulkumar Shanmugasundaram as MD and CEO"
"TEGA","0.757309","0.252436","3","True","0","Tega Industries, Apollo Funds plan to buy Molycop in $1.5-billion deal"
"SUNDARAM","0.4704","0.2352","2","True","0","At multi-year highs: Sundaram Finance, Cupid among 5 stocks witness 5-year swing high breakout"
"CUPID","0.4704","0.2352","2","True","0","At multi-year highs: Sundaram Finance, Cupid among 5 stocks witness 5-year swing high breakout"
"BEL","0.21481","0.21481","1","True","0","BEL dividend payment date announced; stock rises 5%. Check details"
"PRESTIGE","0.210211","0.210211","1","True","0","Quick commerce hyper-growth channel for TTK Prestige: CEO"
