ticker,combined_score,adj_score,articles,dups,has_word,amt_cr,reason,event_type,top_title,top_source
RAYMOND,0.8269739633090594,0.826974,1,1,True,0.000,M&A/JV; ticker in title; livemint,M&A/JV,"Raymond open to acquisitions, bets on real estate for next growth phase",www.livemint.com
RETAIL,0.854406953690039,0.811687,1,1,True,0.000,IPO/listing; ticker in title; thehindubusinessline,IPO/listing,Urban Company IPO: Retail hand mops up on Day 1,www.thehindubusinessline.com
GAIL,0.7428768694516747,0.742877,1,1,True,0.000,IPO/listing; ticker in title; thehindubusinessline,IPO/listing,GAIL eyes stock exchange listing of city gas distribution arm,www.thehindubusinessline.com
GLOBAL,0.4375450093640965,0.568916,1,1,True,550.000,Order/contract; ~₹550 Cr; ticker in title,Order/contract,CVC Capital to exit Healthcare Global via  ₹550 crore block deal,www.livemint.com
BIL,0.4309392995328684,0.366496,1,1,False,100.000,Order/contract; ~₹100 Cr; no exact ticker,Order/contract,Nebius CEO Arkady Volozh Is $1 Billion Richer After Microsoft AI Deal,www.livemint.com
SUMIT,0.32704545777115296,0.328374,1,1,False,6256.000,Order/contract; ~₹6256 Cr; no exact ticker,Order/contract,"Kotak Mahindra Bank shares in focus as Sumitomo exits with Rs 6,256 crore block deal",economictimes.indiatimes.com
UPL,0.46864934915433776,0.328055,1,1,True,0.000,ticker in title; economictimes,General,UPL Share Price Live Updates: UPL's Volatility Metrics,economictimes.indiatimes.com
GRASIM,0.4682279022876865,0.327760,1,1,True,0.000,ticker in title; economictimes,General,Grasim Inds Share Price Live Updates: Grasim Industries' stock volatility metrics,economictimes.indiatimes.com
WIPRO,0.4681591168548091,0.327711,1,1,True,0.000,ticker in title; economictimes,General,Wipro Share Price Live Updates: Wipro's low beta reflects cautious investor sentiment,economictimes.indiatimes.com
ITC,0.46804568588023593,0.327632,1,1,True,0.000,ticker in title; economictimes,General,ITC Share Price Live Updates: ITC's beta showcases a stable investment profile,economictimes.indiatimes.com
TCS,0.4678396488853757,0.327488,1,1,True,0.000,ticker in title; economictimes,General,TCS Share Price Live Updates: TCS's beta value suggests consistent performance,economictimes.indiatimes.com
HINDALCO,0.4683145552978613,0.311429,1,1,True,0.000,ticker in title; economictimes,General,Hindalco Share Price Live Updates: Hindalco's Six-Month Beta Revealed,economictimes.indiatimes.com
PAR,0.38703972243242424,0.246738,1,1,False,0.000,no exact ticker; thehindubusinessline,General,Embassy Office Parks REIT rejects Sterling Wilson Renewable Energy claim,www.thehindubusinessline.com
STAR,0.5313741309544243,0.238528,1,1,False,10.000,~₹10.0 Cr; no exact ticker; livemint,General,Deutsche Bank Distressed Desk Nets $100 Million on EchoStar Bets,www.livemint.com
BSE,0.40894723708693054,0.229010,1,1,True,0.000,ticker in title; thehindubusinessline,General,Bajaj Allianz Life launches BSE 500 Enhanced Value 50 Index Fund,www.thehindubusinessline.com
CIPLA,0.3194733781456341,0.223631,1,1,True,0.000,ticker in title; economictimes,General,Cipla Share Price Live Updates: Cipla's Stability in Market Performance,economictimes.indiatimes.com
MARUTI,0.31886589037842894,0.223206,1,1,True,0.000,ticker in title; economictimes,General,Maruti Suzuki Share Price Live Updates: Maruti Suzuki's six-month beta analysis,economictimes.indiatimes.com
CUPID,0.47040036996317375,0.219450,1,2,True,0.000,ticker in title; dedup x2; economictimes,General,"At multi-year highs: Sundaram Finance, Cupid among 5 stocks witness 5-year swing high breakout",economictimes.indiatimes.com
SUNDARAM,0.4704003200615481,0.219450,1,2,True,0.000,ticker in title; dedup x2; economictimes,General,"At multi-year highs: Sundaram Finance, Cupid among 5 stocks witness 5-year swing high breakout",economictimes.indiatimes.com
PRESTIGE,0.21021146862789802,0.210211,1,1,True,0.000,Results/metrics; ticker in title; thehindubusinessline,Results/metrics,Quick commerce hyper-growth channel for TTK Prestige: CEO,www.thehindubusinessline.com
WEL,0.3413789640744189,0.206748,1,1,False,0.000,Management; no exact ticker; thehindubusinessline,Management,SWELECT Energy Systems appoints Arulkumar Shanmugasundaram as MD and CEO,www.thehindubusinessline.com
BEL,0.2148103846963195,0.204070,1,1,True,0.000,Dividend/return; ticker in title; economictimes,Dividend/return,BEL dividend payment date announced; stock rises 5%. Check details,economictimes.indiatimes.com
TITAN,0.1722075457143483,0.172208,1,1,True,0.000,ticker in title; economictimes,General,"Titan, Astral among 5 stocks where foreign brokerages see up to 25% upside",economictimes.indiatimes.com
TEGA,0.7573093123834855,0.158321,1,3,True,0.000,Order/contract; ticker in title; dedup x3,Order/contract,"Tega Industries, Apollo Funds plan to buy Molycop in $1.5-billion deal",www.thehindubusinessline.com
ACC,0.7169482937428182,0.137116,3,1,False,0.000,IPO/listing; no exact ticker; thehindubusinessline,IPO/listing,Dev Accelerator IPO: Investors make beeline,www.thehindubusinessline.com
