ticker,combined_score,adj_score,articles,dups,has_word,amt_cr,reason,event_type,top_title,top_source
RETAIL,0.8544069416957124,0.880210,1,1,True,0.000,IPO/listing; ticker in title; thehindubusinessline,,Urban Company IPO: Retail hand mops up on Day 1,www.thehindubusinessline.com
RAYMOND,0.8269739461623964,0.860384,1,1,True,0.000,M&A/JV; ticker in title; livemint,,"Raymond open to acquisitions, bets on real estate for next growth phase",www.livemint.com
GAIL,0.7428768642843957,0.765312,1,1,True,0.000,IPO/listing; ticker in title; thehindubusinessline,,GAIL eyes stock exchange listing of city gas distribution arm,www.thehindubusinessline.com
GLOBAL,0.4375450059167983,0.663194,1,1,True,550.000,Order/contract; ~₹550 Cr; ticker in title,,CVC Capital to exit Healthcare Global via  ₹550 crore block deal,www.livemint.com
ACC,0.7169482959070234,0.553950,3,1,False,0.000,IPO/listing; no exact ticker; thehindubusinessline,,Dev Accelerator IPO: Investors make beeline,www.thehindubusinessline.com
STAR,0.5313741237131493,0.477056,1,1,False,10.000,~₹10.0 Cr; no exact ticker; livemint,,Deutsche Bank Distressed Desk Nets $100 Million on EchoStar Bets,www.livemint.com
UPL,0.46864933781683793,0.468649,1,1,True,0.000,ticker in title; economictimes,,UPL Share Price Live Updates: UPL's Volatility Metrics,economictimes.indiatimes.com
HINDALCO,0.4683145528124002,0.468315,1,1,True,0.000,ticker in title; economictimes,,Hindalco Share Price Live Updates: Hindalco's Six-Month Beta Revealed,economictimes.indiatimes.com
GRASIM,0.4682279016818469,0.468228,1,1,True,0.000,ticker in title; economictimes,,Grasim Inds Share Price Live Updates: Grasim Industries' stock volatility metrics,economictimes.indiatimes.com
WIPRO,0.4681591026031661,0.468159,1,1,True,0.000,ticker in title; economictimes,,Wipro Share Price Live Updates: Wipro's low beta reflects cautious investor sentiment,economictimes.indiatimes.com
ITC,0.46804567998234226,0.468046,1,1,True,0.000,ticker in title; economictimes,,ITC Share Price Live Updates: ITC's beta showcases a stable investment profile,economictimes.indiatimes.com
TCS,0.4678396385757584,0.467840,1,1,True,0.000,ticker in title; economictimes,,TCS Share Price Live Updates: TCS's beta value suggests consistent performance,economictimes.indiatimes.com
BIL,0.4309392998638149,0.448591,1,1,False,100.000,Order/contract; ~₹100 Cr; no exact ticker,,Nebius CEO Arkady Volozh Is $1 Billion Richer After Microsoft AI Deal,www.livemint.com
SUMIT,0.3270454526825464,0.375285,1,1,False,6256.000,Order/contract; ~₹6256 Cr; no exact ticker,,"Kotak Mahindra Bank shares in focus as Sumitomo exits with Rs 6,256 crore block deal",economictimes.indiatimes.com
BSE,0.408947234808689,0.330429,1,1,True,0.000,ticker in title; thehindubusinessline,,Bajaj Allianz Life launches BSE 500 Enhanced Value 50 Index Fund,www.thehindubusinessline.com
CIPLA,0.31947337728325353,0.319473,1,1,True,0.000,ticker in title; economictimes,,Cipla Share Price Live Updates: Cipla's Stability in Market Performance,economictimes.indiatimes.com
MARUTI,0.31886588635307905,0.318866,1,1,True,0.000,ticker in title; economictimes,,Maruti Suzuki Share Price Live Updates: Maruti Suzuki's six-month beta analysis,economictimes.indiatimes.com
PAR,0.3870397187096191,0.293183,1,1,False,0.000,no exact ticker; thehindubusinessline,,Embassy Office Parks REIT rejects Sterling Wilson Renewable Energy claim,www.thehindubusinessline.com
APOLLO,1.0,0.275661,2,3,True,0.000,Order/contract; ticker in title; dedup x3,,"Tega Industries, Apollo Funds plan to buy Molycop in $1.5-billion deal",www.thehindubusinessline.com
WEL,0.3413789542086038,0.258595,1,1,False,0.000,Management; no exact ticker; thehindubusinessline,,SWELECT Energy Systems appoints Arulkumar Shanmugasundaram as MD and CEO,www.thehindubusinessline.com
BEL,0.21481038277109496,0.214810,1,1,True,0.000,Dividend/return; ticker in title; economictimes,,BEL dividend payment date announced; stock rises 5%. Check details,economictimes.indiatimes.com
PRESTIGE,0.21021146632099483,0.212314,1,1,True,0.000,Results/metrics; ticker in title; thehindubusinessline,,Quick commerce hyper-growth channel for TTK Prestige: CEO,www.thehindubusinessline.com
TEGA,0.7573092951655146,0.208761,1,3,True,0.000,Order/contract; ticker in title; dedup x3,,"Tega Industries, Apollo Funds plan to buy Molycop in $1.5-billion deal",www.thehindubusinessline.com
CUPID,0.47040036603093327,0.204754,1,2,True,0.000,ticker in title; dedup x2; economictimes,,"At multi-year highs: Sundaram Finance, Cupid among 5 stocks witness 5-year swing high breakout",economictimes.indiatimes.com
SUNDARAM,0.4704003095298524,0.204754,1,2,True,0.000,ticker in title; dedup x2; economictimes,,"At multi-year highs: Sundaram Finance, Cupid among 5 stocks witness 5-year swing high breakout",economictimes.indiatimes.com
TITAN,0.17220754235798955,0.172208,1,1,True,0.000,Brokerage; ticker in title; economictimes,,"Titan, Astral among 5 stocks where foreign brokerages see up to 25% upside",economictimes.indiatimes.com
MOL,0.7573093590824774,0.156571,1,3,False,0.000,Order/contract; no exact ticker; dedup x3,,"Tega Industries, Apollo Funds plan to buy Molycop in $1.5-billion deal",www.thehindubusinessline.com
ONGC,0.1330716559992605,0.133072,1,1,True,0.000,ticker in title; economictimes,,ONGC Share Price Live Updates: ONGC's stock shows stability with a beta of 1.0172,economictimes.indiatimes.com
POONAWALLA,0.09580351589458219,0.095804,1,1,True,0.000,ticker in title; economictimes,,"Poonawalla Fincorp, Divi's Labs among 7 stocks closed crossing above VWAP",economictimes.indiatimes.com
TRENT,0.09580351589458219,0.095804,1,1,True,0.000,ticker in title; economictimes,,"Oracle Financial Services, Trent among 6 F&O stocks saw a high increase in futures open interest",economictimes.indiatimes.com
TRU,0.11513519987004647,0.087215,3,1,False,0.000,no exact ticker; thehindubusinessline,,India plans relief package for exporters hit by Trump’s Tariffs,www.thehindubusinessline.com
TI,0.5058757697140185,0.081218,3,3,False,0.000,no exact ticker; dedup x3; economictimes,,LTIMindtree Share Price Live Updates: LTIMindtree's beta value highlights consistent performance,economictimes.indiatimes.com
LTIM,0.319304753191596,0.064080,1,3,False,0.000,no exact ticker; dedup x3; economictimes,,LTIMindtree Share Price Live Updates: LTIMindtree's beta value highlights consistent performance,economictimes.indiatimes.com
LT,0.319304753191596,0.051264,1,3,False,0.000,no exact ticker; dedup x3; economictimes,,LTIMindtree Share Price Live Updates: LTIMindtree's beta value highlights consistent performance,economictimes.indiatimes.com
IDBI,0.0,0.000000,1,1,True,225.000,~₹225 Cr; ticker in title; thehindubusinessline,,Zee refutes IDBI Bank’s claims of ₹225 crore default,www.thehindubusinessline.com
