ticker,combined_score,adj_score,articles,dups,has_word,amt_cr,reason,top_title,top_source
RETAIL,0.8544070069175146,0.854407,1,1,True,0.000,IPO/listing; ticker in title; thehindubusinessline,Urban Company IPO: Retail hand mops up on Day 1,www.thehindubusinessline.com
RAYMOND,0.8269740126093074,0.826974,1,1,True,0.000,M&A/JV; ticker in title; livemint,"Raymond open to acquisitions, bets on real estate for next growth phase",www.livemint.com
GAIL,0.7428768813654829,0.742877,1,1,True,0.000,IPO/listing; ticker in title; thehindubusinessline,GAIL eyes stock exchange listing of city gas distribution arm,www.thehindubusinessline.com
GLOBAL,0.4375450196846022,0.637441,1,1,True,550.000,Order/contract; ~₹550 Cr; ticker in title,CVC Capital to exit Healthcare Global via  ₹550 crore block deal,www.livemint.com
ACC,0.7169482903092975,0.537711,3,1,False,0.000,IPO/listing; no exact ticker; thehindubusinessline,Dev Accelerator IPO: Investors make beeline,www.thehindubusinessline.com
UPL,0.468649395778649,0.468649,1,1,True,0.000,ticker in title; economictimes,UPL Share Price Live Updates: UPL's Volatility Metrics,economictimes.indiatimes.com
HINDALCO,0.46831456928150633,0.468315,1,1,True,0.000,ticker in title; economictimes,Hindalco Share Price Live Updates: Hindalco's Six-Month Beta Revealed,economictimes.indiatimes.com
GRASIM,0.4682279133377238,0.468228,1,1,True,0.000,ticker in title; economictimes,Grasim Inds Share Price Live Updates: Grasim Industries' stock volatility metrics,economictimes.indiatimes.com
WIPRO,0.4681591635261314,0.468159,1,1,True,0.000,ticker in title; economictimes,Wipro Share Price Live Updates: Wipro's low beta reflects cautious investor sentiment,economictimes.indiatimes.com
ITC,0.4680456998439074,0.468046,1,1,True,0.000,ticker in title; economictimes,ITC Share Price Live Updates: ITC's beta showcases a stable investment profile,economictimes.indiatimes.com
TCS,0.46783968124639974,0.467840,1,1,True,0.000,ticker in title; economictimes,TCS Share Price Live Updates: TCS's beta value suggests consistent performance,economictimes.indiatimes.com
STAR,0.5313741663965227,0.467702,1,1,False,10.000,~₹10.0 Cr; no exact ticker; livemint,Deutsche Bank Distressed Desk Nets $100 Million on EchoStar Bets,www.livemint.com
BIL,0.4309393050900965,0.431172,1,1,False,100.000,Order/contract; ~₹100 Cr; no exact ticker,Nebius CEO Arkady Volozh Is $1 Billion Richer After Microsoft AI Deal,www.livemint.com
SUMIT,0.3270454770145178,0.367926,1,1,False,6256.000,Order/contract; ~₹6256 Cr; no exact ticker,"Kotak Mahindra Bank shares in focus as Sumitomo exits with Rs 6,256 crore block deal",economictimes.indiatimes.com
APOLLO,1.0,0.333333,2,3,True,0.000,Order/contract; ticker in title; dedup x3,"Tega Industries, Apollo Funds plan to buy Molycop in $1.5-billion deal",www.thehindubusinessline.com
BSE,0.4089472424672052,0.327158,1,1,True,0.000,ticker in title; thehindubusinessline,Bajaj Allianz Life launches BSE 500 Enhanced Value 50 Index Fund,www.thehindubusinessline.com
CIPLA,0.31947338390953683,0.319473,1,1,True,0.000,ticker in title; economictimes,Cipla Share Price Live Updates: Cipla's Stability in Market Performance,economictimes.indiatimes.com
MARUTI,0.31886590169450413,0.318866,1,1,True,0.000,ticker in title; economictimes,Maruti Suzuki Share Price Live Updates: Maruti Suzuki's six-month beta analysis,economictimes.indiatimes.com
PAR,0.38703974217617454,0.290280,1,1,False,0.000,no exact ticker; thehindubusinessline,Embassy Office Parks REIT rejects Sterling Wilson Renewable Energy claim,www.thehindubusinessline.com
WEL,0.3413789937958387,0.256034,1,1,False,0.000,Management; no exact ticker; thehindubusinessline,SWELECT Energy Systems appoints Arulkumar Shanmugasundaram as MD and CEO,www.thehindubusinessline.com
TEGA,0.7573093679472566,0.252436,1,3,True,0.000,Order/contract; ticker in title; dedup x3,"Tega Industries, Apollo Funds plan to buy Molycop in $1.5-billion deal",www.thehindubusinessline.com
CUPID,0.47040037768612325,0.235200,1,2,True,0.000,ticker in title; dedup x2; economictimes,"At multi-year highs: Sundaram Finance, Cupid among 5 stocks witness 5-year swing high breakout",economictimes.indiatimes.com
SUNDARAM,0.4704003494611255,0.235200,1,2,True,0.000,ticker in title; dedup x2; economictimes,"At multi-year highs: Sundaram Finance, Cupid among 5 stocks witness 5-year swing high breakout",economictimes.indiatimes.com
BEL,0.21481038733446836,0.214810,1,1,True,0.000,Dividend/return; ticker in title; economictimes,BEL dividend payment date announced; stock rises 5%. Check details,economictimes.indiatimes.com
PRESTIGE,0.21021147883490993,0.210211,1,1,True,0.000,Results/metrics; ticker in title; thehindubusinessline,Quick commerce hyper-growth channel for TTK Prestige: CEO,www.thehindubusinessline.com
