ticker,combined_score,adj_score,articles,dups,has_word,amt_cr,reason,event_type,top_title,top_source
GLOBAL,0.960901997247343,0.970511,2,1,True,0.000,ticker in title; thehindubusinessline,,"Global military spending soars to $2.7 trillion in 2024, but peace still elusive: UN warns",www.thehindubusinessline.com
ACC,1.0,0.714000,3,1,False,0.000,IPO/listing; no exact ticker; economictimes,,Dev Accelerator IPO fully subscribed within hours on Day 1; GMP at 13% — Key Details Inside,economictimes.indiatimes.com
BIL,0.6423016816697629,0.624038,1,1,False,100.000,Order/contract; ~₹100 Cr; no exact ticker,,Nebius CEO Arkady Volozh Is $1 Billion Richer After Microsoft AI Deal,www.livemint.com
RELIANCE,0.4902601564078061,0.490260,1,1,True,0.000,ticker in title; economictimes,,"Reliance Power, Reliance Infra shares down 36% in 3 months. Can Anil Ambani convince markets his turnaround still has legs?",economictimes.indiatimes.com
OFSS,0.4653100512974273,0.465310,1,1,True,0.000,ticker in title; economictimes,,"OFSS shares rally over 9%, mirroring parent Oracle’s surge on cloud boom",economictimes.indiatimes.com
WIPRO,0.4503754952340511,0.454879,1,1,True,0.000,Dividend/return; ticker in title; thehindubusinessline,,Wipro surges 2.83% as IT sector rallies on Infosys buyback boost,www.thehindubusinessline.com
SWIGGY,0.4075305942407537,0.415681,1,1,True,0.000,Results/metrics; ticker in title; livemint,,"Gifting companies plan to hitch growth ride with Swiggy, Blinkit",www.livemint.com
IDEA,0.5782508521812103,0.359310,1,2,True,9450.000,~₹9450 Cr; ticker in title; dedup x2,,"Vodafone Idea moves Supreme Court against additional  ₹9,450 cr AGR dues demand",www.livemint.com
SUPREME,0.5782508290749641,0.359310,1,2,True,9450.000,~₹9450 Cr; ticker in title; dedup x2,,"Vodafone Idea moves Supreme Court against additional  ₹9,450 cr AGR dues demand",www.livemint.com
SIL,0.4833994220057483,0.341763,1,1,False,0.000,no exact ticker; thehindubusinessline,,"Silver shines as ETF flows, central banks buying boost rally",www.thehindubusinessline.com
CUPID,0.3303342971130227,0.333638,1,1,True,0.000,ticker in title; thehindubusinessline,,Cupid buys stake in Saudi Arabia’s luxury fragrance brand Mansam,www.thehindubusinessline.com
TRU,0.39886713125401585,0.284791,3,1,False,0.000,no exact ticker; livemint,,GM Delays Cuts at Canada Plant Threatened by Trump’s Tariffs,www.livemint.com
LICI,0.3717436415841249,0.268079,1,1,False,0.000,IPO/listing; no exact ticker; thehindubusinessline,,Licious shuts plant-based arm UnCrave to focus on profitability ahead of IPO,www.thehindubusinessline.com
WORTH,0.2552602328534989,0.260365,1,1,True,0.000,ticker in title; livemint,,Standard Bank Says Net Effect of East Africa Pipeline ‘Worth It’,www.livemint.com
WEL,0.3332136207296714,0.235582,1,1,False,0.000,no exact ticker; thehindubusinessline,,Well-distributed monsoon so far across time and space: Swadhin Behera,www.thehindubusinessline.com
SCI,0.2996153828504297,0.211828,1,1,False,0.000,no exact ticker; thehindubusinessline,,"MosChip Technologies rebounds 0.97% after sharp selloff, faces MSCI index deletion",www.thehindubusinessline.com
NH,0.3343925708066922,0.202642,1,1,False,0.000,no exact ticker; thehindubusinessline,,CNH chief says US tariffs on India mark ‘pause’ in trade talks,www.thehindubusinessline.com
TI,0.3134285397269671,0.191818,1,1,False,0.000,no exact ticker; livemint,,"JPMorgan, Fifth Third Among Banks Facing Losses Tied to Tricolor",www.livemint.com
KEI,0.2618822730531413,0.185151,1,1,False,0.000,no exact ticker; thehindubusinessline,,"PM Modi, UK’s Keir Starmer to share stage at GFF 2025",www.thehindubusinessline.com
BLS,0.0,0.000000,1,1,True,0.000,ticker in title; livemint,,Staffing Crisis Unfolds at BLS With a Third of Leadership Jobs Now Vacant,www.livemint.com
