ticker,company_name,combined_score,adj_score,articles,dups,has_word,amt_cr,reason,event_type,top_title,top_source
SWIGGY,SWIGGY LIMITED,0.4885215863090032,0.627552,1,1,True,50.000,~₹50.0 Cr; ticker in title; economictimes,General,"Swiggy needs $500 million fundraise, says JM Financial after downgrading stock to ‘Reduce’",economictimes.indiatimes.com
SUPREME,SUPREME HOLDINGS & HOSPITALITY (INDIA) LIMITED,0.586522700566646,0.586523,2,1,True,0.000,ticker in title; livemint,General,"Arnya, Supreme Universal join hands to launch  ₹1,000-crore housing platform",www.livemint.com
TCS,TATA CONSULTANCY SERVICES LIMITED,0.5231248867951968,0.523125,2,1,True,0.000,ticker in title; economictimes,General,TCS or Infosys? Which IT company has the highest share of H-1B visa employees,economictimes.indiatimes.com
TI,TILAKNAGAR INDUSTRIES LIMITED,0.5948136042821159,0.359675,3,1,False,12.000,~₹12.0 Cr; no exact ticker; livemint,General,"UK-based fintech Tide raises $120 million led by TPG, enters unicorn club",www.livemint.com
TRU,TRUCAP FINANCE LIMITED,1.0,0.297404,3,2,False,0.000,no exact ticker; dedup x2; thehindubusinessline,General,"IT stocks plunge as Trump’s $100,000 H-1B visa fee rattles markets",www.thehindubusinessline.com
IT,KOTAK NIFTY IT ETF,0.5694382735244237,0.265652,3,2,True,0.000,ticker in title; dedup x2; thehindubusinessline,General,"IT stocks plunge as Trump’s $100,000 H-1B visa fee rattles markets",www.thehindubusinessline.com
FACT,FERTILIZERS AND CHEMICALS TRAVANCORE LIMITED,0.3828739409725861,0.244082,1,1,False,0.000,Management; no exact ticker; livemint,Management,Factbox-More companies adopt co-CEO structure,www.livemint.com
RETAIL,JHS SVENDGAARD RETAIL VENTURES LIMITED,0.21970959538821788,0.219160,1,1,True,0.000,Results/metrics; ticker in title; economictimes,Results/metrics,"Retail trimmed, FIIs & MFs stepped in: 8 stocks surged up to 80% in Q2 so far — Are you in or out?",economictimes.indiatimes.com
MPHASIS,MPHASIS LIMITED,0.2099125055798579,0.209913,1,1,True,0.000,ticker in title; economictimes,General,"Gainers & Losers: Adani Power, Mphasis among 5 major movers on Friday",economictimes.indiatimes.com
URBAN,URBAN ENVIRO WASTE MANAGEMENT LIMITED,0.19508013841134447,0.195080,1,1,True,0.000,IPO/listing; ticker in title; economictimes,IPO/listing,"Urban Company shares surge 9% amid high trading volume, extend rally to 86% over IPO price",economictimes.indiatimes.com
AGI,AGI GREENPAC LIMITED,0.173662292829753,0.182345,1,1,True,0.000,ticker in title; thehindubusinessline,General,Broker’s call: AGI Greenpac (Buy),www.thehindubusinessline.com
SCI,SHIPPING CORPORATION OF INDIA LIMITED,0.27489281189588244,0.175244,1,1,False,0.000,no exact ticker; thehindubusinessline,General,Broker’s call: Camlin Fine Sciences (Add),www.thehindubusinessline.com
PFIZER,PFIZER LIMITED,0.10682722864181016,0.154741,1,1,True,490.000,~₹490 Cr; ticker in title; livemint,General,Pfizer to buy obesity startup Metsera for $4.9 billion; shares jump on Wall Street — Details here,www.livemint.com
NAUKRI,INFO EDGE (INDIA) LIMITED,0.13479419788754948,0.134794,1,1,True,0.000,ticker in title; economictimes,General,"Market Trading Guide: Naukri, Borosil Renewables among 4 stocks to buy on Tuesday for up to 10% gains",economictimes.indiatimes.com
HUDCO,HOUSING & URBAN DEVELOPMENT CORPORATION LIMITED,0.21148438261082797,0.132730,1,2,True,117.000,Order/contract; ~₹117 Cr; ticker in title,Order/contract,NBCC inks pact with HUDCO to execute projects worth Rs 117 crore,economictimes.indiatimes.com
NBCC,NBCC (INDIA) LIMITED,0.21148437881965304,0.132730,1,2,True,117.000,Order/contract; ~₹117 Cr; ticker in title,Order/contract,NBCC inks pact with HUDCO to execute projects worth Rs 117 crore,economictimes.indiatimes.com
AGNI,AGNI GREEN POWER LIMITED,0.20477913873013218,0.130547,1,1,False,0.000,no exact ticker; thehindubusinessline,General,Agnikul Cosmos commissions first-of-its-kind large-format additive manufacturing facility for rocket systems,www.thehindubusinessline.com
CONSUMER,MIRAE ASSET MF- MIRAE ASSET NIFTY INDIA NEW AGE CONSUMPTION ETF,0.2736067694871676,0.127642,1,2,True,0.000,IPO/listing; ticker in title; dedup x2,IPO/listing,"Ashish Kacholia-backed Ganesh Consumer Products IPO subscribed 12% on Day 1. Check GMP, price band, and other details",economictimes.indiatimes.com
HYUNDAI,HYUNDAI MOTOR INDIA LIMITED,0.12577840565327156,0.125778,1,1,True,0.000,Management; ticker in title; thehindubusinessline,Management,"Tapan Kumar Ghosh exits Hyundai, likely to take charge as VinFast India CEO",www.thehindubusinessline.com
ALKEM,ALKEM LABORATORIES LIMITED,0.1215046676790665,0.121505,1,1,True,0.000,ticker in title; thehindubusinessline,General,Alkem launches pertuzumab biosimilar,www.thehindubusinessline.com
ACC,ACC LIMITED,0.30710604109205797,0.117468,1,1,False,0.000,no exact ticker; economictimes,General,India Accelerator acquires co-working operator MySOHO to support startups,economictimes.indiatimes.com
KALYANI,KALYANI COMMERCIALS LIMITED,0.22126948952399086,0.103226,1,2,True,0.000,ticker in title; dedup x2; livemint,General,"Hikal AGM to take up Amit Kalyani reappointment, as proxy firms take sides in family feud",www.livemint.com
HIKAL,HIKAL LIMITED,0.2212694725665679,0.103226,1,2,True,0.000,ticker in title; dedup x2; livemint,General,"Hikal AGM to take up Amit Kalyani reappointment, as proxy firms take sides in family feud",www.livemint.com
REFEX,REFEX INDUSTRIES LIMITED,0.19602138503481276,0.091447,1,2,True,0.000,ticker in title; dedup x2; thehindubusinessline,General,Refex Green Mobility to spin off as independent listed entity RML,www.thehindubusinessline.com
RML,RANE (MADRAS) LIMITED,0.19602138503481276,0.091447,1,2,True,0.000,ticker in title; dedup x2; thehindubusinessline,General,Refex Green Mobility to spin off as independent listed entity RML,www.thehindubusinessline.com
SILVER,ADITYA BIRLA SUN LIFE MUTUAL FUND - ADITYA BIRLA SUN LIFE SILVER ETF,0.19348949931481996,0.090338,1,2,True,0.011,~₹0.0 Cr; ticker in title; dedup x2,General,"Gold tops Rs 1.11 lakh/10 gms, Silver surges past Rs 1.33 lakh/kg to hit fresh lifetime highs",economictimes.indiatimes.com
CONS,KOTAK NIFTY INDIA CONSUMPTION ETF,0.27360677188831617,0.081372,1,2,False,0.000,IPO/listing; no exact ticker; dedup x2,IPO/listing,"Ashish Kacholia-backed Ganesh Consumer Products IPO subscribed 12% on Day 1. Check GMP, price band, and other details",economictimes.indiatimes.com
SIL,STANDARD INDUSTRIES LIMITED,0.1934895010415257,0.057591,1,2,False,0.011,~₹0.0 Cr; no exact ticker; dedup x2,General,"Gold tops Rs 1.11 lakh/10 gms, Silver surges past Rs 1.33 lakh/kg to hit fresh lifetime highs",economictimes.indiatimes.com
GLOBAL,GLOBAL EDUCATION LIMITED,0.06248140658799394,0.047138,1,1,True,750.000,~₹750 Cr; ticker in title; thehindubusinessline,General,Global Energy Alliance plans $7.5 bn push for renewables in developing nations,www.thehindubusinessline.com
TOTAL,TOTAL TRANSPORT SYSTEMS LIMITED,0.02447322395432177,0.024473,1,1,True,0.000,ticker in title; economictimes,General,"Adani Total Gas, Torrent Power among 7 low-leverage midcap stocks",economictimes.indiatimes.com
ITC,ITC LIMITED,0.01918805442241211,0.019188,1,1,True,0.000,ticker in title; thehindubusinessline,General,ITC Hotels opens Fortune Airport Road Kochi,www.thehindubusinessline.com
SBC,SBC EXPORTS LIMITED,0.018027645900621093,0.011493,1,1,False,0.000,no exact ticker; livemint,General,"HSBC’s Roberts Says Bank’s Future Is in Asia, Middle East",www.livemint.com
BOSS,BOSS PACKAGING SOLUTIONS LIMITED,0.023910034339706315,0.011154,1,2,True,0.000,ticker in title; dedup x2; livemint,General,Ex-Barings Boss Fails to Halt Suit Over Poached Bankers’ Bonuses,www.livemint.com
HAL,HINDUSTAN AERONAUTICS LIMITED,0.02391002570105642,0.007111,1,2,False,0.000,no exact ticker; dedup x2; livemint,General,Ex-Barings Boss Fails to Halt Suit Over Poached Bankers’ Bonuses,www.livemint.com
POLYCAB,POLYCAB INDIA LIMITED,0.0,0.000000,1,1,True,0.000,ticker in title; economictimes,General,"Adani Power, Polycab India among 9 stocks that hit 52-week highs and rallied up to 40% in a month",economictimes.indiatimes.com
