ticker,combined_score,news_score_raw,news_score_norm,articles,top_title,top_source,technical_score,trend,rsi
APOLLO,1.0,3.7302232801357795,1.0,2,"Tega Industries, Apollo Funds plan to buy Molycop in $1.5-billion deal",www.thehindubusinessline.com,,,
RETAIL,0.854406953690039,3.129585497275438,0.854406953690039,1,Urban Company IPO: Retail hand mops up on Day 1,www.thehindubusinessline.com,,,
RAYMOND,0.8269739633090594,3.0164118881143156,0.8269739633090594,1,"Raymond open to acquisitions, bets on real estate for next growth phase",www.livemint.com,,,
MOL,0.7573093663446023,2.729013622021933,0.7573093663446023,1,"Tega Industries, Apollo Funds plan to buy Molycop in $1.5-billion deal",www.thehindubusinessline.com,,,
TEGA,0.7573093123834855,2.729013399407692,0.7573093123834855,1,"Tega Industries, Apollo Funds plan to buy Molycop in $1.5-billion deal",www.thehindubusinessline.com,,,
GAIL,0.7428768694516747,2.669472983546305,0.7428768694516747,1,GAIL eyes stock exchange listing of city gas distribution arm,www.thehindubusinessline.com,,,
ACC,0.7169482937428182,2.5625057717102506,0.7169482937428182,3,Dev Accelerator IPO: Investors make beeline,www.thehindubusinessline.com,,,
STAR,0.5313741309544243,1.796927631006432,0.5313741309544243,1,Deutsche Bank Distressed Desk Nets $100 Million on EchoStar Bets,www.livemint.com,,,
TI,0.5058757832551417,1.691735306119612,0.5058757832551417,3,LTIMindtree Share Price Live Updates: LTIMindtree's beta value highlights consistent performance,economictimes.indiatimes.com,,,
CUPID,0.47040036996317375,1.545383030885406,0.47040036996317375,1,"At multi-year highs: Sundaram Finance, Cupid among 5 stocks witness 5-year swing high breakout",economictimes.indiatimes.com,,,
SUNDARAM,0.4704003200615481,1.545382825018419,0.4704003200615481,1,"At multi-year highs: Sundaram Finance, Cupid among 5 stocks witness 5-year swing high breakout",economictimes.indiatimes.com,,,
UPL,0.46864934915433776,1.5381592706645884,0.46864934915433776,1,UPL Share Price Live Updates: UPL's Volatility Metrics,economictimes.indiatimes.com,,,
HINDALCO,0.4683145552978613,1.536778093164935,0.4683145552978613,1,Hindalco Share Price Live Updates: Hindalco's Six-Month Beta Revealed,economictimes.indiatimes.com,,,
GRASIM,0.4682279022876865,1.5364206099387188,0.4682279022876865,1,Grasim Inds Share Price Live Updates: Grasim Industries' stock volatility metrics,economictimes.indiatimes.com,,,
WIPRO,0.4681591168548091,1.5361368386258456,0.4681591168548091,1,Wipro Share Price Live Updates: Wipro's low beta reflects cautious investor sentiment,economictimes.indiatimes.com,,,
ITC,0.46804568588023593,1.535668884071682,0.46804568588023593,1,ITC Share Price Live Updates: ITC's beta showcases a stable investment profile,economictimes.indiatimes.com,,,
TCS,0.4678396488853757,1.5348188874068922,0.4678396488853757,1,TCS Share Price Live Updates: TCS's beta value suggests consistent performance,economictimes.indiatimes.com,,,
GLOBAL,0.4375450093640965,1.4098396691283233,0.4375450093640965,1,CVC Capital to exit Healthcare Global via  ₹550 crore block deal,www.livemint.com,,,
BIL,0.4309392995328684,1.3825881004043563,0.4309392995328684,1,Nebius CEO Arkady Volozh Is $1 Billion Richer After Microsoft AI Deal,www.livemint.com,,,
BSE,0.40894723708693054,1.291860802893647,0.40894723708693054,1,Bajaj Allianz Life launches BSE 500 Enhanced Value 50 Index Fund,www.thehindubusinessline.com,,,
PAR,0.38703972243242424,1.201482303620754,0.38703972243242424,1,Embassy Office Parks REIT rejects Sterling Wilson Renewable Energy claim,www.thehindubusinessline.com,,,
WEL,0.3413789640744189,1.013110830126846,0.3413789640744189,1,SWELECT Energy Systems appoints Arulkumar Shanmugasundaram as MD and CEO,www.thehindubusinessline.com,,,
SUMIT,0.32704545777115296,0.9539785730252283,0.32704545777115296,1,"Kotak Mahindra Bank shares in focus as Sumitomo exits with Rs 6,256 crore block deal",economictimes.indiatimes.com,,,
CIPLA,0.3194733781456341,0.9227402877280653,0.3194733781456341,1,Cipla Share Price Live Updates: Cipla's Stability in Market Performance,economictimes.indiatimes.com,,,
LT,0.3193047572171545,0.9220446494184568,0.3193047572171545,1,LTIMindtree Share Price Live Updates: LTIMindtree's beta value highlights consistent performance,economictimes.indiatimes.com,,,
LTIM,0.3193047572171545,0.9220446494184568,0.3193047572171545,1,LTIMindtree Share Price Live Updates: LTIMindtree's beta value highlights consistent performance,economictimes.indiatimes.com,,,
MARUTI,0.31886589037842894,0.9202341233551317,0.31886589037842894,1,Maruti Suzuki Share Price Live Updates: Maruti Suzuki's six-month beta analysis,economictimes.indiatimes.com,,,
BEL,0.2148103846963195,0.4909576585007946,0.2148103846963195,1,BEL dividend payment date announced; stock rises 5%. Check details,economictimes.indiatimes.com,,,
PRESTIGE,0.21021146862789802,0.4719850301994629,0.21021146862789802,1,Quick commerce hyper-growth channel for TTK Prestige: CEO,www.thehindubusinessline.com,,,
TITAN,0.1722075457143483,0.31520149844896256,0.1722075457143483,1,"Titan, Astral among 5 stocks where foreign brokerages see up to 25% upside",economictimes.indiatimes.com,,,
ONGC,0.13307165750920763,0.1537480931004571,0.13307165750920763,1,ONGC Share Price Live Updates: ONGC's stock shows stability with a beta of 1.0172,economictimes.indiatimes.com,,,
TRU,0.11513520290698283,0.07975202943049597,0.11513520290698283,3,India plans relief package for exporters hit by Trump’s Tariffs,www.thehindubusinessline.com,,,
POONAWALLA,0.095803517079807,0.0,0.095803517079807,1,"Poonawalla Fincorp, Divi's Labs among 7 stocks closed crossing above VWAP",economictimes.indiatimes.com,,,
TRENT,0.095803517079807,0.0,0.095803517079807,1,"Oracle Financial Services, Trent among 6 F&O stocks saw a high increase in futures open interest",economictimes.indiatimes.com,,,
IDBI,0.0,-0.3952332446326538,0.0,1,Zee refutes IDBI Bank’s claims of ₹225 crore default,www.thehindubusinessline.com,,,
