ticker,combined_score,news_score_raw,news_score_norm,articles,top_title,top_source,technical_score,trend,rsi
APOLLO,1.0,3.7600761834647094,1.0,2,"Tega Industries, Apollo Funds plan to buy Molycop in $1.5-billion deal",www.thehindubusinessline.com,,,
RETAIL,0.8544069416957124,3.1546314591917985,0.8544069416957124,1,Urban Company IPO: Retail hand mops up on Day 1,www.thehindubusinessline.com,,,
RAYMOND,0.8269739461623964,3.0405521025926974,0.8269739461623964,1,"Raymond open to acquisitions, bets on real estate for next growth phase",www.livemint.com,,,
MOL,0.7573093590824774,2.750853835330283,0.7573093590824774,1,"Tega Industries, Apollo Funds plan to buy Molycop in $1.5-billion deal",www.thehindubusinessline.com,,,
TEGA,0.7573092951655146,2.750853569533353,0.7573092951655146,1,"Tega Industries, Apollo Funds plan to buy Molycop in $1.5-billion deal",www.thehindubusinessline.com,,,
GAIL,0.7428768642843957,2.6908367030894564,0.7428768642843957,1,GAIL eyes stock exchange listing of city gas distribution arm,www.thehindubusinessline.com,,,
ACC,0.7169482959070234,2.5830134653962125,0.7169482959070234,3,Dev Accelerator IPO: Investors make beeline,www.thehindubusinessline.com,,,
STAR,0.5313741237131493,1.81130837983318,0.5313741237131493,1,Deutsche Bank Distressed Desk Nets $100 Million on EchoStar Bets,www.livemint.com,,,
TI,0.5058757697140185,1.7052741767865487,0.5058757697140185,3,LTIMindtree Share Price Live Updates: LTIMindtree's beta value highlights consistent performance,economictimes.indiatimes.com,,,
CUPID,0.47040036603093327,1.5577506873322216,0.47040036603093327,1,"At multi-year highs: Sundaram Finance, Cupid among 5 stocks witness 5-year swing high breakout",economictimes.indiatimes.com,,,
SUNDARAM,0.4704003095298524,1.5577504523740324,0.4704003095298524,1,"At multi-year highs: Sundaram Finance, Cupid among 5 stocks witness 5-year swing high breakout",economictimes.indiatimes.com,,,
UPL,0.46864933781683793,1.5504690847158293,0.46864933781683793,1,UPL Share Price Live Updates: UPL's Volatility Metrics,economictimes.indiatimes.com,,,
HINDALCO,0.4683145528124002,1.5490768904926757,0.4683145528124002,1,Hindalco Share Price Live Updates: Hindalco's Six-Month Beta Revealed,economictimes.indiatimes.com,,,
GRASIM,0.4682279016818469,1.5487165541520782,0.4682279016818469,1,Grasim Inds Share Price Live Updates: Grasim Industries' stock volatility metrics,economictimes.indiatimes.com,,,
WIPRO,0.4681591026031661,1.548430455077663,0.4681591026031661,1,Wipro Share Price Live Updates: Wipro's low beta reflects cautious investor sentiment,economictimes.indiatimes.com,,,
ITC,0.46804567998234226,1.5479587902318879,0.46804567998234226,1,ITC Share Price Live Updates: ITC's beta showcases a stable investment profile,economictimes.indiatimes.com,,,
TCS,0.4678396385757584,1.5471019727156485,0.4678396385757584,1,TCS Share Price Live Updates: TCS's beta value suggests consistent performance,economictimes.indiatimes.com,,,
GLOBAL,0.4375450059167983,1.4211225769204228,0.4375450059167983,1,CVC Capital to exit Healthcare Global via  ₹550 crore block deal,www.livemint.com,,,
BIL,0.4309392998638149,1.3936529301772536,0.4309392998638149,1,Nebius CEO Arkady Volozh Is $1 Billion Richer After Microsoft AI Deal,www.livemint.com,,,
BSE,0.408947234808689,1.3021995331638843,0.408947234808689,1,Bajaj Allianz Life launches BSE 500 Enhanced Value 50 Index Fund,www.thehindubusinessline.com,,,
PAR,0.3870397187096191,1.2110977306563457,0.3870397187096191,1,Embassy Office Parks REIT rejects Sterling Wilson Renewable Energy claim,www.thehindubusinessline.com,,,
WEL,0.3413789542086038,1.0212186986792187,0.3413789542086038,1,SWELECT Energy Systems appoints Arulkumar Shanmugasundaram as MD and CEO,www.thehindubusinessline.com,,,
SUMIT,0.3270454526825464,0.9616132272344746,0.3270454526825464,1,"Kotak Mahindra Bank shares in focus as Sumitomo exits with Rs 6,256 crore block deal",economictimes.indiatimes.com,,,
CIPLA,0.31947337728325353,0.9301249601722011,0.31947337728325353,1,Cipla Share Price Live Updates: Cipla's Stability in Market Performance,economictimes.indiatimes.com,,,
LT,0.319304753191596,0.9294237415298534,0.319304753191596,1,LTIMindtree Share Price Live Updates: LTIMindtree's beta value highlights consistent performance,economictimes.indiatimes.com,,,
LTIM,0.319304753191596,0.9294237415298534,0.319304753191596,1,LTIMindtree Share Price Live Updates: LTIMindtree's beta value highlights consistent performance,economictimes.indiatimes.com,,,
MARUTI,0.31886588635307905,0.9275987258654177,0.31886588635307905,1,Maruti Suzuki Share Price Live Updates: Maruti Suzuki's six-month beta analysis,economictimes.indiatimes.com,,,
BEL,0.21481038277109496,0.4948867792312285,0.21481038277109496,1,BEL dividend payment date announced; stock rises 5%. Check details,economictimes.indiatimes.com,,,
PRESTIGE,0.21021146632099483,0.47576231179772144,0.21021146632099483,1,Quick commerce hyper-growth channel for TTK Prestige: CEO,www.thehindubusinessline.com,,,
TITAN,0.17220754235798955,0.31772404037834284,0.17220754235798955,1,"Titan, Astral among 5 stocks where foreign brokerages see up to 25% upside",economictimes.indiatimes.com,,,
ONGC,0.1330716559992605,0.15497853450322568,0.1330716559992605,1,ONGC Share Price Live Updates: ONGC's stock shows stability with a beta of 1.0172,economictimes.indiatimes.com,,,
TRU,0.11513519987004647,0.08039027554318057,0.11513519987004647,3,India plans relief package for exporters hit by Trump’s Tariffs,www.thehindubusinessline.com,,,
POONAWALLA,0.09580351589458219,0.0,0.09580351589458219,1,"Poonawalla Fincorp, Divi's Labs among 7 stocks closed crossing above VWAP",economictimes.indiatimes.com,,,
TRENT,0.09580351589458219,0.0,0.09580351589458219,1,"Oracle Financial Services, Trent among 6 F&O stocks saw a high increase in futures open interest",economictimes.indiatimes.com,,,
IDBI,0.0,-0.3983962830421747,0.0,1,Zee refutes IDBI Bank’s claims of ₹225 crore default,www.thehindubusinessline.com,,,
