ticker,combined_score,news_score_raw,news_score_norm,articles,top_title,top_source,technical_score,trend,rsi
ACC,1.0,2.410983511562316,1.0,3,Dev Accelerator IPO fully subscribed within hours on Day 1; GMP at 13% — Key Details Inside,economictimes.indiatimes.com,,,
GLOBAL,0.960901997247343,2.2997725942181373,0.960901997247343,2,"Global military spending soars to $2.7 trillion in 2024, but peace still elusive: UN warns",www.thehindubusinessline.com,,,
BIL,0.6423016816697629,1.3935413070171656,0.6423016816697629,1,Nebius CEO Arkady Volozh Is $1 Billion Richer After Microsoft AI Deal,www.livemint.com,,,
IDEA,0.5782508521812103,1.2113542129822041,0.5782508521812103,1,"Vodafone Idea moves Supreme Court against additional  ₹9,450 cr AGR dues demand",www.livemint.com,,,
SUPREME,0.5782508290749641,1.2113541472584672,0.5782508290749641,1,"Vodafone Idea moves Supreme Court against additional  ₹9,450 cr AGR dues demand",www.livemint.com,,,
RELIANCE,0.4902601564078061,0.9610722214283561,0.4902601564078061,1,"Reliance Power, Reliance Infra shares down 36% in 3 months. Can Anil Ambani convince markets his turnaround still has legs?",economictimes.indiatimes.com,,,
SIL,0.4833994220057483,0.9415574505247257,0.4833994220057483,1,"Silver shines as ETF flows, central banks buying boost rally",www.thehindubusinessline.com,,,
OFSS,0.4653100512974273,0.8901037861680579,0.4653100512974273,1,"OFSS shares rally over 9%, mirroring parent Oracle’s surge on cloud boom",economictimes.indiatimes.com,,,
WIPRO,0.4503754952340511,0.8476237216378238,0.4503754952340511,1,Wipro surges 2.83% as IT sector rallies on Infosys buyback boost,www.thehindubusinessline.com,,,
SWIGGY,0.4075305942407537,0.7257550734327358,0.4075305942407537,1,"Gifting companies plan to hitch growth ride with Swiggy, Blinkit",www.livemint.com,,,
TRU,0.39886713125401585,0.7011125956001059,0.39886713125401585,3,GM Delays Cuts at Canada Plant Threatened by Trump’s Tariffs,www.livemint.com,,,
LICI,0.3717436415841249,0.6239621542630752,0.3717436415841249,1,Licious shuts plant-based arm UnCrave to focus on profitability ahead of IPO,www.thehindubusinessline.com,,,
NH,0.3343925708066922,0.5177202351751917,0.3343925708066922,1,CNH chief says US tariffs on India mark ‘pause’ in trade talks,www.thehindubusinessline.com,,,
WEL,0.3332136207296714,0.5143668127408563,0.3332136207296714,1,Well-distributed monsoon so far across time and space: Swadhin Behera,www.thehindubusinessline.com,,,
CUPID,0.3303342971130227,0.5061768235292845,0.3303342971130227,1,Cupid buys stake in Saudi Arabia’s luxury fragrance brand Mansam,www.thehindubusinessline.com,,,
TI,0.3134285397269671,0.45808984580831635,0.3134285397269671,1,"JPMorgan, Fifth Third Among Banks Facing Losses Tied to Tricolor",www.livemint.com,,,
SCI,0.2996153828504297,0.418799505138565,0.2996153828504297,1,"MosChip Technologies rebounds 0.97% after sharp selloff, faces MSCI index deletion",www.thehindubusinessline.com,,,
KEI,0.2618822730531413,0.3114709088071351,0.2618822730531413,1,"PM Modi, UK’s Keir Starmer to share stage at GFF 2025",www.thehindubusinessline.com,,,
WORTH,0.2552602328534989,0.292635083101378,0.2552602328534989,1,Standard Bank Says Net Effect of East Africa Pipeline ‘Worth It’,www.livemint.com,,,
BLS,0.0,-0.4334307683108686,0.0,1,Staffing Crisis Unfolds at BLS With a Third of Leadership Jobs Now Vacant,www.livemint.com,,,
