ticker,company_name,combined_score,adj_score,articles,dups,has_word,amt_cr,reason,event_type,top_title,top_source,business_impact_score,score_financial,score_business_action,score_validation,score_market_impact,score_actionability,score_total_raw
URBAN,URBAN ENVIRO WASTE MANAGEMENT LIMITED,0.1950801384113444,0.19508,1,1,True,0.0,IPO/listing; ticker in title; economictimes,IPO/listing,"Urban Company shares surge 9% amid high trading volume, extend rally to 86% over IPO price",economictimes.indiatimes.com,0.6,0,25,15,15,5,60
GLOBAL,GLOBAL EDUCATION LIMITED,0.0624814065879939,0.047138,1,1,True,750.0,~₹750 Cr; ticker in title; thehindubusinessline,General,Global Energy Alliance plans $7.5 bn push for renewables in developing nations,www.thehindubusinessline.com,0.56,35,0,15,5,1,56
NBCC,NBCC (INDIA) LIMITED,0.211484378819653,0.13273,1,2,True,117.0,Order/contract; ~₹117 Cr; ticker in title,Order/contract,NBCC inks pact with HUDCO to execute projects worth Rs 117 crore,economictimes.indiatimes.com,0.46,25,0,15,5,1,46
AGNI,AGNI GREEN POWER LIMITED,0.2047791387301321,0.121844,1,1,False,0.0,no exact ticker; thehindubusinessline,General,Agnikul Cosmos commissions first-of-its-kind large-format additive manufacturing facility for rocket systems,www.thehindubusinessline.com,0.46,0,15,15,15,1,46
PFIZER,PFIZER LIMITED,0.1068272286418101,0.154741,1,1,True,490.0,~₹490 Cr; ticker in title; livemint,General,Pfizer to buy obesity startup Metsera for $4.9 billion; shares jump on Wall Street — Details here,www.livemint.com,0.46,25,0,15,5,1,46
CONSUMER,MIRAE ASSET MF- MIRAE ASSET NIFTY INDIA NEW AGE CONSUMPTION ETF,0.2736067694871676,0.127642,1,2,True,0.0,IPO/listing; ticker in title; dedup x2,IPO/listing,"Ashish Kacholia-backed Ganesh Consumer Products IPO subscribed 12% on Day 1. Check GMP, price band, and other details",economictimes.indiatimes.com,0.45,0,25,10,5,5,45
CONS,KOTAK NIFTY INDIA CONSUMPTION ETF,0.2736067718883161,0.075947,1,2,False,0.0,IPO/listing; no exact ticker; dedup x2,IPO/listing,"Ashish Kacholia-backed Ganesh Consumer Products IPO subscribed 12% on Day 1. Check GMP, price band, and other details",economictimes.indiatimes.com,0.45,0,25,10,5,5,45
SUPREME,SUPREME HOLDINGS & HOSPITALITY (INDIA) LIMITED,0.586522700566646,0.601186,2,1,True,0.0,ticker in title; livemint,General,"Arnya, Supreme Universal join hands to launch  ₹1,000-crore housing platform",www.livemint.com,0.41,5,15,15,5,1,41
HUDCO,HOUSING & URBAN DEVELOPMENT CORPORATION LIMITED,0.2114843826108279,0.13273,1,2,True,117.0,Order/contract; ~₹117 Cr; ticker in title,Order/contract,NBCC inks pact with HUDCO to execute projects worth Rs 117 crore,economictimes.indiatimes.com,0.41,25,0,10,5,1,41
TI,TILAKNAGAR INDUSTRIES LIMITED,0.5948136042821159,0.36227,3,1,False,12.0,~₹12.0 Cr; no exact ticker; livemint,General,"UK-based fintech Tide raises $120 million led by TPG, enters unicorn club",www.livemint.com,0.39,8,15,10,5,1,39
ALKEM,ALKEM LABORATORIES LIMITED,0.1215046676790665,0.124542,1,1,True,0.0,ticker in title; thehindubusinessline,General,Alkem launches pertuzumab biosimilar,www.thehindubusinessline.com,0.36,0,15,15,5,1,36
RETAIL,JHS SVENDGAARD RETAIL VENTURES LIMITED,0.2197095953882178,0.21916,1,1,True,0.0,Results/metrics; ticker in title; economictimes,Results/metrics,"Retail trimmed, FIIs & MFs stepped in: 8 stocks surged up to 80% in Q2 so far — Are you in or out?",economictimes.indiatimes.com,0.31,0,0,15,15,1,31
SWIGGY,SWIGGY LIMITED,0.4885215863090032,0.627552,1,1,True,50.0,~₹50.0 Cr; ticker in title; economictimes,General,"Swiggy needs $500 million fundraise, says JM Financial after downgrading stock to ‘Reduce’",economictimes.indiatimes.com,0.29,8,0,15,5,1,29
SIL,STANDARD INDUSTRIES LIMITED,0.1934895010415257,0.055095,1,2,False,0.011,~₹0.0 Cr; no exact ticker; dedup x2,General,"Gold tops Rs 1.11 lakh/10 gms, Silver surges past Rs 1.33 lakh/kg to hit fresh lifetime highs",economictimes.indiatimes.com,0.26,0,0,10,15,1,26
SILVER,ADITYA BIRLA SUN LIFE MUTUAL FUND - ADITYA BIRLA SUN LIFE SILVER ETF,0.1934894993148199,0.090338,1,2,True,0.011,~₹0.0 Cr; ticker in title; dedup x2,General,"Gold tops Rs 1.11 lakh/10 gms, Silver surges past Rs 1.33 lakh/kg to hit fresh lifetime highs",economictimes.indiatimes.com,0.26,0,0,10,15,1,26
BOSS,BOSS PACKAGING SOLUTIONS LIMITED,0.0239100343397063,0.011154,1,2,True,0.0,ticker in title; dedup x2; livemint,General,Ex-Barings Boss Fails to Halt Suit Over Poached Bankers’ Bonuses,www.livemint.com,0.25,0,0,15,5,5,25
POLYCAB,POLYCAB INDIA LIMITED,0.0,0.0,1,1,True,0.0,ticker in title; economictimes,General,"Adani Power, Polycab India among 9 stocks that hit 52-week highs and rallied up to 40% in a month",economictimes.indiatimes.com,0.21,0,0,15,5,1,21
MPHASIS,MPHASIS LIMITED,0.2099125055798579,0.209913,1,1,True,0.0,ticker in title; economictimes,General,"Gainers & Losers: Adani Power, Mphasis among 5 major movers on Friday",economictimes.indiatimes.com,0.21,0,0,15,5,1,21
AGI,AGI GREENPAC LIMITED,0.173662292829753,0.182345,1,1,True,0.0,ticker in title; thehindubusinessline,General,Broker’s call: AGI Greenpac (Buy),www.thehindubusinessline.com,0.21,0,0,15,5,1,21
TOTAL,TOTAL TRANSPORT SYSTEMS LIMITED,0.0244732239543217,0.024473,1,1,True,0.0,ticker in title; economictimes,General,"Adani Total Gas, Torrent Power among 7 low-leverage midcap stocks",economictimes.indiatimes.com,0.21,0,0,15,5,1,21
REFEX,REFEX INDUSTRIES LIMITED,0.1960213850348127,0.091447,1,2,True,0.0,ticker in title; dedup x2; thehindubusinessline,General,Refex Green Mobility to spin off as independent listed entity RML,www.thehindubusinessline.com,0.21,0,0,15,5,1,21
HAL,HINDUSTAN AERONAUTICS LIMITED,0.0239100257010564,0.006637,1,2,False,0.0,no exact ticker; dedup x2; livemint,General,Ex-Barings Boss Fails to Halt Suit Over Poached Bankers’ Bonuses,www.livemint.com,0.2,0,0,10,5,5,20
TCS,TATA CONSULTANCY SERVICES LIMITED,0.5231248867951968,0.524272,2,1,True,0.0,ticker in title; economictimes,General,TCS or Infosys? Which IT company has the highest share of H-1B visa employees,economictimes.indiatimes.com,0.16,0,0,10,5,1,16
IT,KOTAK NIFTY IT ETF,0.5694382735244237,0.265652,3,2,True,0.0,ticker in title; dedup x2; thehindubusinessline,General,"IT stocks plunge as Trump’s $100,000 H-1B visa fee rattles markets",www.thehindubusinessline.com,0.16,0,0,10,5,1,16
TRU,TRUCAP FINANCE LIMITED,1.0,0.284517,3,2,False,0.0,no exact ticker; dedup x2; thehindubusinessline,General,"IT stocks plunge as Trump’s $100,000 H-1B visa fee rattles markets",www.thehindubusinessline.com,0.16,0,0,10,5,1,16
