ticker,asof,price,prev_close,live_ret,news_certainty,trust_score,event_type,title,source
SWIGGY,2025-09-23T23:55:20,,,,0.350,0.395,General,"Swiggy needs $500 million fundraise, says JM Financial after downgrading stock to ‘Reduce’",economictimes.indiatimes.com
SUPREME,2025-09-23T23:55:20,,,,0.350,0.395,General,"Arnya, Supreme Universal join hands to launch  ₹1,000-crore housing platform",www.livemint.com
TCS,2025-09-23T23:55:20,,,,0.350,0.395,General,TCS or Infosys? Which IT company has the highest share of H-1B visa employees,economictimes.indiatimes.com
TI,2025-09-23T23:55:20,,,,0.297,0.358,General,"UK-based fintech Tide raises $120 million led by TPG, enters unicorn club",www.livemint.com
TRU,2025-09-23T23:55:20,,,,0.210,0.297,General,"IT stocks plunge as Trump’s $100,000 H-1B visa fee rattles markets",www.thehindubusinessline.com
IT,2025-09-23T23:55:20,,,,0.247,0.323,General,"IT stocks plunge as Trump’s $100,000 H-1B visa fee rattles markets",www.thehindubusinessline.com
FACT,2025-09-23T23:55:20,,,,0.340,0.388,Management,Factbox-More companies adopt co-CEO structure,www.livemint.com
RETAIL,2025-09-23T23:55:20,,,,0.550,0.460,Results/metrics,"Retail trimmed, FIIs & MFs stepped in: 8 stocks surged up to 80% in Q2 so far — Are you in or out?",economictimes.indiatimes.com
MPHASIS,2025-09-23T23:55:20,,,,0.350,0.395,General,"Gainers & Losers: Adani Power, Mphasis among 5 major movers on Friday",economictimes.indiatimes.com
URBAN,2025-09-23T23:55:20,,,,0.650,0.605,IPO/listing,"Urban Company shares surge 9% amid high trading volume, extend rally to 86% over IPO price",economictimes.indiatimes.com
AGI,2025-09-23T23:55:20,,,,0.350,0.395,General,Broker’s call: AGI Greenpac (Buy),www.thehindubusinessline.com
SCI,2025-09-23T23:55:20,,,,0.297,0.358,General,Broker’s call: Camlin Fine Sciences (Add),www.thehindubusinessline.com
PFIZER,2025-09-23T23:55:20,,,,0.350,0.395,General,Pfizer to buy obesity startup Metsera for $4.9 billion; shares jump on Wall Street — Details here,www.livemint.com
NAUKRI,2025-09-23T23:55:20,,,,0.350,0.395,General,"Market Trading Guide: Naukri, Borosil Renewables among 4 stocks to buy on Tuesday for up to 10% gains",economictimes.indiatimes.com
HUDCO,2025-09-23T23:55:20,,,,0.566,0.546,Order/contract,NBCC inks pact with HUDCO to execute projects worth Rs 117 crore,economictimes.indiatimes.com
NBCC,2025-09-23T23:55:20,,,,0.566,0.546,Order/contract,NBCC inks pact with HUDCO to execute projects worth Rs 117 crore,economictimes.indiatimes.com
AGNI,2025-09-23T23:55:20,,,,0.297,0.358,General,Agnikul Cosmos commissions first-of-its-kind large-format additive manufacturing facility for rocket systems,www.thehindubusinessline.com
CONSUMER,2025-09-23T23:55:20,,,,0.460,0.472,IPO/listing,"Ashish Kacholia-backed Ganesh Consumer Products IPO subscribed 12% on Day 1. Check GMP, price band, and other details",economictimes.indiatimes.com
HYUNDAI,2025-09-23T23:55:20,,,,0.400,0.430,Management,"Tapan Kumar Ghosh exits Hyundai, likely to take charge as VinFast India CEO",www.thehindubusinessline.com
ALKEM,2025-09-23T23:55:20,,,,0.350,0.395,General,Alkem launches pertuzumab biosimilar,www.thehindubusinessline.com
ACC,2025-09-23T23:55:20,,,,0.297,0.358,General,India Accelerator acquires co-working operator MySOHO to support startups,economictimes.indiatimes.com
KALYANI,2025-09-23T23:55:20,,,,0.247,0.323,General,"Hikal AGM to take up Amit Kalyani reappointment, as proxy firms take sides in family feud",www.livemint.com
HIKAL,2025-09-23T23:55:20,,,,0.247,0.323,General,"Hikal AGM to take up Amit Kalyani reappointment, as proxy firms take sides in family feud",www.livemint.com
REFEX,2025-09-23T23:55:20,,,,0.247,0.323,General,Refex Green Mobility to spin off as independent listed entity RML,www.thehindubusinessline.com
RML,2025-09-23T23:55:20,,,,0.247,0.323,General,Refex Green Mobility to spin off as independent listed entity RML,www.thehindubusinessline.com
