ticker,asof,price,prev_close,live_ret,news_certainty,trust_score,event_type,title,source
SWIGGY,2025-09-24T00:00:00,445.0,449.20001220703125,-0.9349982397363586,0.350,0.395,General,"Swiggy needs $500 million fundraise, says JM Financial after downgrading stock to ‘Reduce’",economictimes.indiatimes.com
SUPREME,2025-09-24T00:00:00,90.5199966430664,90.45999908447266,0.06632496042557279,0.350,0.395,General,"Arnya, Supreme Universal join hands to launch  ₹1,000-crore housing platform",www.livemint.com
TCS,2025-09-24T00:00:00,3049.0,3062.39990234375,-0.4375621333286563,0.350,0.395,General,TCS or Infosys? Which IT company has the highest share of H-1B visa employees,economictimes.indiatimes.com
TI,2025-09-24T00:00:00,457.70001220703125,455.75,0.42786883313905655,0.297,0.358,General,"UK-based fintech Tide raises $120 million led by TPG, enters unicorn club",www.livemint.com
TRU,2025-09-24T00:00:00,11.59000015258789,12.199999809265137,-4.99999726404905,0.210,0.297,General,"IT stocks plunge as Trump’s $100,000 H-1B visa fee rattles markets",www.thehindubusinessline.com
IT,2025-09-24T00:00:00,38.02000045776367,38.34000015258789,-0.8346366550617221,0.247,0.323,General,"IT stocks plunge as Trump’s $100,000 H-1B visa fee rattles markets",www.thehindubusinessline.com
FACT,2025-09-24T00:00:00,982.5,973.6500244140625,0.9089483247600563,0.340,0.388,Management,Factbox-More companies adopt co-CEO structure,www.livemint.com
RETAIL,2025-09-24T00:00:00,36.9900016784668,36.68000030517578,0.8451509561390939,0.550,0.504,Results/metrics,"Retail trimmed, FIIs & MFs stepped in: 8 stocks surged up to 80% in Q2 so far — Are you in or out?",economictimes.indiatimes.com
MPHASIS,2025-09-24T00:00:00,2716.699951171875,2766.60009765625,-1.8036631505452614,0.350,0.395,General,"Gainers & Losers: Adani Power, Mphasis among 5 major movers on Friday",economictimes.indiatimes.com
URBAN,2025-09-24T00:00:00,nan,174.14999389648438,nan,0.650,0.605,IPO/listing,"Urban Company shares surge 9% amid high trading volume, extend rally to 86% over IPO price",economictimes.indiatimes.com
AGI,2025-09-24T00:00:00,892.4000244140625,862.0999755859375,3.5146792351468488,0.350,0.395,General,Broker’s call: AGI Greenpac (Buy),www.thehindubusinessline.com
SCI,2025-09-24T00:00:00,230.33999633789062,223.33999633789062,3.1342348503533213,0.297,0.358,General,Broker’s call: Camlin Fine Sciences (Add),www.thehindubusinessline.com
PFIZER,2025-09-24T00:00:00,5020.5,5026.0,-0.10943095901313173,0.350,0.395,General,Pfizer to buy obesity startup Metsera for $4.9 billion; shares jump on Wall Street — Details here,www.livemint.com
NAUKRI,2025-09-24T00:00:00,1378.0999755859375,1393.9000244140625,-1.133513777988969,0.350,0.395,General,"Market Trading Guide: Naukri, Borosil Renewables among 4 stocks to buy on Tuesday for up to 10% gains",economictimes.indiatimes.com
HUDCO,2025-09-24T00:00:00,236.7899932861328,235.22999572753906,0.6631796909101064,0.566,0.546,Order/contract,NBCC inks pact with HUDCO to execute projects worth Rs 117 crore,economictimes.indiatimes.com
NBCC,2025-09-24T00:00:00,113.05999755859375,112.83999633789062,0.19496741212605892,0.566,0.546,Order/contract,NBCC inks pact with HUDCO to execute projects worth Rs 117 crore,economictimes.indiatimes.com
CONSUMER,2025-09-24T00:00:00,12.319999694824219,12.34000015258789,-0.16207826188298277,0.460,0.472,IPO/listing,"Ashish Kacholia-backed Ganesh Consumer Products IPO subscribed 12% on Day 1. Check GMP, price band, and other details",economictimes.indiatimes.com
HYUNDAI,2025-09-24T00:00:00,2730.0,2721.5,0.3123277604262355,0.400,0.430,Management,"Tapan Kumar Ghosh exits Hyundai, likely to take charge as VinFast India CEO",www.thehindubusinessline.com
ALKEM,2025-09-24T00:00:00,5553.5,5544.5,0.16232302281540265,0.350,0.395,General,Alkem launches pertuzumab biosimilar,www.thehindubusinessline.com
AGNI,2025-09-24T00:00:00,nan,28.200000762939453,nan,0.297,0.358,General,Agnikul Cosmos commissions first-of-its-kind large-format additive manufacturing facility for rocket systems,www.thehindubusinessline.com
ACC,2025-09-24T00:00:00,1876.0,1878.5999755859375,-0.1383996390783815,0.297,0.358,General,India Accelerator acquires co-working operator MySOHO to support startups,economictimes.indiatimes.com
KALYANI,2025-09-24T00:00:00,nan,138.08999633789062,nan,0.247,0.323,General,"Hikal AGM to take up Amit Kalyani reappointment, as proxy firms take sides in family feud",www.livemint.com
HIKAL,2025-09-24T00:00:00,268.1499938964844,260.1000061035156,3.094958709752965,0.247,0.323,General,"Hikal AGM to take up Amit Kalyani reappointment, as proxy firms take sides in family feud",www.livemint.com
REFEX,2025-09-24T00:00:00,387.45001220703125,390.3500061035156,-0.742921442587434,0.247,0.323,General,Refex Green Mobility to spin off as independent listed entity RML,www.thehindubusinessline.com
RML,2025-09-24T00:00:00,852.0,856.7999877929688,-0.5602226728939435,0.247,0.323,General,Refex Green Mobility to spin off as independent listed entity RML,www.thehindubusinessline.com
SILVER,2025-09-24T00:00:00,135.6199951171875,nan,nan,0.247,0.323,General,"Gold tops Rs 1.11 lakh/10 gms, Silver surges past Rs 1.33 lakh/kg to hit fresh lifetime highs",economictimes.indiatimes.com
CONS,2025-09-24T00:00:00,126.33999633789062,nan,nan,0.391,0.423,IPO/listing,"Ashish Kacholia-backed Ganesh Consumer Products IPO subscribed 12% on Day 1. Check GMP, price band, and other details",economictimes.indiatimes.com
SIL,2025-09-24T00:00:00,19.049999237060547,19.0,0.2631538792660362,0.210,0.297,General,"Gold tops Rs 1.11 lakh/10 gms, Silver surges past Rs 1.33 lakh/kg to hit fresh lifetime highs",economictimes.indiatimes.com
GLOBAL,2025-09-24T00:00:00,68.80000305175781,67.91999816894531,1.2956491556780692,0.350,0.395,General,Global Energy Alliance plans $7.5 bn push for renewables in developing nations,www.thehindubusinessline.com
TOTAL,2025-09-24T00:00:00,72.43000030517578,72.7699966430664,-0.46722049412519817,0.350,0.395,General,"Adani Total Gas, Torrent Power among 7 low-leverage midcap stocks",economictimes.indiatimes.com
ITC,2025-09-24T00:00:00,402.95001220703125,403.20001220703125,-0.06200396637677492,0.350,0.395,General,ITC Hotels opens Fortune Airport Road Kochi,www.thehindubusinessline.com
BOSS,2025-09-24T00:00:00,nan,nan,nan,0.247,0.323,General,Ex-Barings Boss Fails to Halt Suit Over Poached Bankers’ Bonuses,www.livemint.com
SBC,2025-09-24T00:00:00,21.81999969482422,21.8799991607666,-0.27422060440463303,0.297,0.358,General,"HSBC’s Roberts Says Bank’s Future Is in Asia, Middle East",www.livemint.com
HAL,2025-09-24T00:00:00,4786.7998046875,4799.89990234375,-0.27292439264938284,0.210,0.297,General,Ex-Barings Boss Fails to Halt Suit Over Poached Bankers’ Bonuses,www.livemint.com
POLYCAB,2025-09-24T00:00:00,7547.5,7620.0,-0.9514435695538057,0.350,0.395,General,"Adani Power, Polycab India among 9 stocks that hit 52-week highs and rallied up to 40% in a month",economictimes.indiatimes.com
