ticker,news_count,total_news_score,best_title,best_source,news_age_hours,event_type,amt_cr,impact_score,news_certainty,trust_score,live_ret,asof
ITC,4,6.073,"ITC Chairman: Nepal investment plans on track despite turbulence, uncertainties",www.thehindubusinessline.com,56.6,General,0.0,0.140,0.350,0.395,,
RELIANCE,4,5.096,Mukesh Ambani working on listing of Reliance Retail with $200-billion valuation,www.thehindubusinessline.com,162.0,IPO/listing,0.0,0.260,0.650,0.605,,
MARUTI,3,2.954,"Stocks in news: Maruti, Adani Enterprises, Sanghvi Movers, Vodafone Idea, NTPC Green",economictimes.indiatimes.com,153.5,General,0.0,0.140,0.350,0.395,,
WIPRO,2,2.934,"Infosys, Wipro ADRs decline up to 4% amid Trump’s proposal for $100,000 annual H-1B visa fee",economictimes.indiatimes.com,53.2,General,0.0,0.140,0.350,0.395,,
ACC,3,2.628,Broker’s call: KEC International  (Accumulate),www.thehindubusinessline.com,162.2,General,0.0,0.140,0.172,0.270,,
NUVAMA,2,2.231,Eureka Forbes shares up 2% as Nuvama Institutional Equities initiates coverage with Buy rating,economictimes.indiatimes.com,125.0,General,0.0,0.140,0.350,0.395,,
MAGNUM,1,2.035,Unilever's Magnum looks to scoop out a Diwali 'ice cream moment',www.livemint.com,130.1,General,0.0,0.140,0.350,0.395,,
BSE,1,1.601,"Dev Accelerator shares list flat at IPO price of Rs 61 on NSE, BSE",economictimes.indiatimes.com,125.6,IPO/listing,0.0,0.260,0.650,0.605,,
BEL,1,1.582,BEL shares jump 2% after bagging fresh orders worth Rs 712 crore in September,economictimes.indiatimes.com,126.4,General,712.0,0.603,0.350,0.320,,
KRYSTAL,1,1.451,Krystal Integrated Services bags ₹168 crore contract in Andhra Pradesh,www.thehindubusinessline.com,140.7,Order/contract,168.0,0.681,0.566,0.546,,
TRU,1,1.305,"Gems, jewellery shipments up 5% in August as exporters rushed to beat Trump tariff",www.thehindubusinessline.com,139.4,General,0.0,0.140,0.297,0.358,,
UPL,1,1.169,UPL Share Price Live Updates: UPL's Slight Price Increase,economictimes.indiatimes.com,127.4,General,0.0,0.140,0.350,0.395,,
REDINGTON,2,1.144,"Redington shares surge 5%, up nearly 25% in just 2 sessions. What’s fuelling the rally?",economictimes.indiatimes.com,125.1,General,0.0,0.140,0.350,0.395,,
EDELWEISS,1,1.126,GST can start earnings upgrade cycle for India Inc: Trideep Bhattacharya of Edelweiss MF,economictimes.indiatimes.com,126.6,General,0.0,0.140,0.350,0.395,,
HINDALCO,1,0.858,Hindalco Share Price Live Updates: Hindalco's Weekly Returns Stand at 1.76%,economictimes.indiatimes.com,127.4,General,0.0,0.140,0.350,0.320,,
ALLCARGO,1,0.810,Allcargo Supply Chain launches Panapakkam Logistics Park near Chennai,www.thehindubusinessline.com,167.6,General,0.0,0.140,0.350,0.395,,
SPIC,1,0.787,"SpiceJet to expand network, eyes Vietnam market",www.thehindubusinessline.com,139.0,General,0.0,0.140,0.297,0.358,,
APOLLO,4,0.776,Apollo Hospital Share Price Live Updates: Apollo Hospital's beta reflects its market resilience,economictimes.indiatimes.com,151.5,General,0.0,0.140,0.350,0.245,,
MOBIKWIK,1,0.680,"Mobikwik shares drop 2% after Rs 40 crore fraud, probe underway",economictimes.indiatimes.com,126.2,General,40.0,0.402,0.350,0.395,,
AMBER,1,0.670,"Amber Enterprises, Maruti Suzuki among 6 stocks witness 5-year swing high breakout",economictimes.indiatimes.com,127.2,General,0.0,0.140,0.247,0.323,,
RELIGARE,1,0.568,"Buy, Sell or Hold: Nuvama initiates coverage on Eureka Forbes; Religare Broking positive on REC",economictimes.indiatimes.com,126.0,General,0.0,0.140,0.247,0.323,,
BIL,2,0.566,"Deutsche Bank, UniCredit Win Fight Over €2.3 Billion Crisis Fund",www.livemint.com,138.9,General,230.0,0.523,0.297,0.358,,
CIPLA,1,0.551,Cipla Share Price Live Updates: Cipla's beta indicates consistent market behavior,economictimes.indiatimes.com,151.4,General,0.0,0.140,0.350,0.395,,
TCS,1,0.546,TCS Share Price Live Updates: TCS Price and Returns Overview,economictimes.indiatimes.com,127.4,General,0.0,0.140,0.350,0.395,,
STANLEY,1,0.481,"Goldman Sachs, Morgan Stanley defeat Archegos investors insider trading appeals",www.livemint.com,137.5,General,0.0,0.140,0.350,0.395,,
PRABHA,1,0.420,SEBI rents luxury Prabhadevi apartment for the Chairman at ₹7 lakh a month,www.thehindubusinessline.com,141.9,Regulatory,0.1,0.305,0.637,0.596,,
STAR,1,0.407,Hedge Fund Qube Starts Charging Some Staff 35% Incentive Fees,www.livemint.com,137.1,General,0.0,0.140,0.297,0.358,,
WEL,2,0.336,"Last day to buy shares of Kesar Enterprises, Zydus Wellness ahead of stock split record date",economictimes.indiatimes.com,127.4,General,0.0,0.140,0.297,0.283,,
TITAN,1,0.331,"Titan Company Share Price Live Updates: Titan Company’s six-month beta stands at 0.746, indicating stability.",economictimes.indiatimes.com,151.4,General,0.0,0.140,0.350,0.395,,
RETAIL,1,0.195,CEO sacked over alleged affair with ex-Chief HR: Super Retail ousts Anthony Heraghty over ‘new information’,www.livemint.com,136.7,Management,0.0,0.160,0.400,0.355,,
NTPC,1,0.112,"Kotak Mahindra Bank, NTPC among 5 stocks showing RSI Trending Up",economictimes.indiatimes.com,127.1,General,0.0,0.140,0.350,0.395,,
SUPREME,1,0.000,Airtel plays wait and watch on AGR dues even as rival Vodafone Idea moves Supreme Court,www.livemint.com,130.1,General,0.0,0.140,0.247,0.323,,
CYIENT,1,0.000,"GMR Airports, Cyient among 8 stocks showing bullish White Marubozu Pattern",economictimes.indiatimes.com,126.0,General,0.0,0.140,0.350,0.395,,
IDEA,1,0.000,Airtel plays wait and watch on AGR dues even as rival Vodafone Idea moves Supreme Court,www.livemint.com,130.1,General,0.0,0.140,0.247,0.323,,
NCC,1,0.000,"Suzlon Energy, NCC and 5 other F&O stocks saw a high increase in futures open interest",economictimes.indiatimes.com,126.6,General,0.0,0.140,0.247,0.323,,
SUZLON,1,0.000,"Suzlon Energy, NCC and 5 other F&O stocks saw a high increase in futures open interest",economictimes.indiatimes.com,126.6,General,0.0,0.140,0.247,0.323,,
