ticker,news_count,total_news_score,best_title,best_source,news_age_hours,event_type,amt_cr,impact_score,news_certainty,trust_score,live_ret,asof
TRU,3,26.808,"IT stocks plunge as Trump’s $100,000 H-1B visa fee rattles markets",www.thehindubusinessline.com,4.0,General,0.0,0.140,0.210,0.297,1.030,2025-09-22T00:00:00
TI,3,17.824,"UK-based fintech Tide raises $120 million led by TPG, enters unicorn club",www.livemint.com,12.0,General,12.0,0.321,0.297,0.358,0.708,2025-09-22T00:00:00
SUPREME,2,16.398,"Arnya, Supreme Universal join hands to launch  ₹1,000-crore housing platform",www.livemint.com,3.6,General,0.0,0.140,0.350,0.395,-1.194,2025-09-22T00:00:00
TCS,2,14.985,TCS or Infosys? Which IT company has the highest share of H-1B visa employees,economictimes.indiatimes.com,10.4,General,0.0,0.140,0.350,0.395,-3.010,2025-09-22T00:00:00
SWIGGY,1,13.899,"Swiggy needs $500 million fundraise, says JM Financial after downgrading stock to ‘Reduce’",economictimes.indiatimes.com,7.1,General,50.0,0.417,0.350,0.395,-1.941,2025-09-22T00:00:00
FACT,1,10.227,Factbox-More companies adopt co-CEO structure,www.livemint.com,1.8,Management,0.0,0.160,0.340,0.388,-0.970,2025-09-22T00:00:00
ACC,1,8.915,India Accelerator acquires co-working operator MySOHO to support startups,economictimes.indiatimes.com,6.6,General,0.0,0.140,0.297,0.358,0.160,2025-09-22T00:00:00
SCI,1,7.866,Broker’s call: Camlin Fine Sciences (Add),www.thehindubusinessline.com,5.0,General,0.0,0.140,0.297,0.358,3.160,2025-09-22T00:00:00
KALYANI,1,6.682,"Hikal AGM to take up Amit Kalyani reappointment, as proxy firms take sides in family feud",www.livemint.com,5.3,General,0.0,0.140,0.247,0.323,nan,2025-09-22T00:00:00
HIKAL,1,6.682,"Hikal AGM to take up Amit Kalyani reappointment, as proxy firms take sides in family feud",www.livemint.com,5.3,General,0.0,0.140,0.247,0.323,-2.413,2025-09-22T00:00:00
HUDCO,1,6.357,NBCC inks pact with HUDCO to execute projects worth Rs 117 crore,economictimes.indiatimes.com,6.7,Order/contract,117.0,0.656,0.566,0.546,4.768,2025-09-22T00:00:00
NBCC,1,6.357,NBCC inks pact with HUDCO to execute projects worth Rs 117 crore,economictimes.indiatimes.com,6.7,Order/contract,117.0,0.656,0.566,0.546,3.736,2025-09-22T00:00:00
MPHASIS,1,6.336,"Gainers & Losers: Adani Power, Mphasis among 5 major movers on Friday",economictimes.indiatimes.com,6.9,General,0.0,0.140,0.350,0.395,-4.723,2025-09-22T00:00:00
SIL,1,6.111,"Gold tops Rs 1.11 lakh/10 gms, Silver surges past Rs 1.33 lakh/kg to hit fresh lifetime highs",economictimes.indiatimes.com,9.4,General,0.0,0.141,0.210,0.297,0.836,2025-09-22T00:00:00
REFEX,1,5.618,Refex Green Mobility to spin off as independent listed entity RML,www.thehindubusinessline.com,2.8,General,0.0,0.140,0.247,0.323,-2.761,2025-09-22T00:00:00
RML,1,5.618,Refex Green Mobility to spin off as independent listed entity RML,www.thehindubusinessline.com,2.8,General,0.0,0.140,0.247,0.323,-0.497,2025-09-22T00:00:00
AGI,1,5.326,Broker’s call: AGI Greenpac (Buy),www.thehindubusinessline.com,6.5,General,0.0,0.140,0.350,0.395,-1.435,2025-09-22T00:00:00
RETAIL,1,4.890,"Retail trimmed, FIIs & MFs stepped in: 8 stocks surged up to 80% in Q2 so far — Are you in or out?",economictimes.indiatimes.com,8.8,Results/metrics,0.0,0.220,0.550,0.460,-1.144,2025-09-22T00:00:00
NAUKRI,1,4.047,"Market Trading Guide: Naukri, Borosil Renewables among 4 stocks to buy on Tuesday for up to 10% gains",economictimes.indiatimes.com,2.6,General,0.0,0.140,0.350,0.395,3.023,2025-09-22T00:00:00
HYUNDAI,1,3.788,"Tapan Kumar Ghosh exits Hyundai, likely to take charge as VinFast India CEO",www.thehindubusinessline.com,2.0,Management,0.0,0.160,0.400,0.430,-3.118,2025-09-22T00:00:00
ALKEM,1,3.734,Alkem launches pertuzumab biosimilar,www.thehindubusinessline.com,3.0,General,0.0,0.140,0.350,0.395,-0.839,2025-09-22T00:00:00
PFIZER,1,3.355,Pfizer to buy obesity startup Metsera for $4.9 billion; shares jump on Wall Street — Details here,www.livemint.com,2.9,General,490.0,0.577,0.350,0.395,-0.803,2025-09-22T00:00:00
GLOBAL,1,2.355,Global Energy Alliance plans $7.5 bn push for renewables in developing nations,www.thehindubusinessline.com,6.9,General,750.0,0.606,0.350,0.395,1.222,2025-09-22T00:00:00
TOTAL,1,1.298,"Adani Total Gas, Torrent Power among 7 low-leverage midcap stocks",economictimes.indiatimes.com,5.2,General,0.0,0.140,0.350,0.395,-2.168,2025-09-22T00:00:00
HAL,1,1.291,Ex-Barings Boss Fails to Halt Suit Over Poached Bankers’ Bonuses,www.livemint.com,5.6,General,0.0,0.140,0.210,0.297,-2.187,2025-09-22T00:00:00
SBC,1,1.247,"HSBC’s Roberts Says Bank’s Future Is in Asia, Middle East",www.livemint.com,10.1,General,0.0,0.140,0.297,0.358,0.094,2025-09-22T00:00:00
POLYCAB,1,0.651,"Adani Power, Polycab India among 9 stocks that hit 52-week highs and rallied up to 40% in a month",economictimes.indiatimes.com,5.0,General,0.0,0.140,0.350,0.395,1.431,2025-09-22T00:00:00
ITC,1,0.000,ITC Hotels opens Fortune Airport Road Kochi,www.thehindubusinessline.com,6.6,General,0.0,0.140,0.247,0.323,-0.901,2025-09-22T00:00:00
