ticker,news_count,total_news_score,best_title,best_source,news_age_hours,event_type,amt_cr,impact_score,news_certainty,trust_score,live_ret,asof
TRU,3,23.639,"IT stocks plunge as Trump’s $100,000 H-1B visa fee rattles markets",www.thehindubusinessline.com,12.7,General,0.0,0.140,0.210,0.297,,
TI,3,15.717,"UK-based fintech Tide raises $120 million led by TPG, enters unicorn club",www.livemint.com,20.8,General,12.0,0.321,0.297,0.358,,
SUPREME,2,14.460,"Arnya, Supreme Universal join hands to launch  ₹1,000-crore housing platform",www.livemint.com,12.4,General,0.0,0.140,0.350,0.395,,
TCS,2,13.214,TCS or Infosys? Which IT company has the highest share of H-1B visa employees,economictimes.indiatimes.com,19.1,General,0.0,0.140,0.350,0.395,,
SWIGGY,1,12.256,"Swiggy needs $500 million fundraise, says JM Financial after downgrading stock to ‘Reduce’",economictimes.indiatimes.com,15.8,General,50.0,0.417,0.350,0.395,,
FACT,1,9.018,Factbox-More companies adopt co-CEO structure,www.livemint.com,10.6,Management,0.0,0.160,0.340,0.388,,
ACC,1,7.861,India Accelerator acquires co-working operator MySOHO to support startups,economictimes.indiatimes.com,15.3,General,0.0,0.140,0.297,0.358,,
SCI,1,6.937,Broker’s call: Camlin Fine Sciences (Add),www.thehindubusinessline.com,13.7,General,0.0,0.140,0.297,0.358,,
KALYANI,1,5.892,"Hikal AGM to take up Amit Kalyani reappointment, as proxy firms take sides in family feud",www.livemint.com,14.0,General,0.0,0.140,0.247,0.323,,
HIKAL,1,5.892,"Hikal AGM to take up Amit Kalyani reappointment, as proxy firms take sides in family feud",www.livemint.com,14.0,General,0.0,0.140,0.247,0.323,,
HUDCO,1,5.606,NBCC inks pact with HUDCO to execute projects worth Rs 117 crore,economictimes.indiatimes.com,15.4,Order/contract,117.0,0.656,0.566,0.546,,
NBCC,1,5.606,NBCC inks pact with HUDCO to execute projects worth Rs 117 crore,economictimes.indiatimes.com,15.4,Order/contract,117.0,0.656,0.566,0.546,,
MPHASIS,1,5.587,"Gainers & Losers: Adani Power, Mphasis among 5 major movers on Friday",economictimes.indiatimes.com,15.6,General,0.0,0.140,0.350,0.395,,
SIL,1,5.388,"Gold tops Rs 1.11 lakh/10 gms, Silver surges past Rs 1.33 lakh/kg to hit fresh lifetime highs",economictimes.indiatimes.com,18.2,General,0.0,0.141,0.210,0.297,,
REFEX,1,4.954,Refex Green Mobility to spin off as independent listed entity RML,www.thehindubusinessline.com,11.5,General,0.0,0.140,0.247,0.323,,
RML,1,4.954,Refex Green Mobility to spin off as independent listed entity RML,www.thehindubusinessline.com,11.5,General,0.0,0.140,0.247,0.323,,
AGI,1,4.697,Broker’s call: AGI Greenpac (Buy),www.thehindubusinessline.com,15.2,General,0.0,0.140,0.350,0.395,,
RETAIL,1,4.312,"Retail trimmed, FIIs & MFs stepped in: 8 stocks surged up to 80% in Q2 so far — Are you in or out?",economictimes.indiatimes.com,17.5,Results/metrics,0.0,0.220,0.550,0.460,,
NAUKRI,1,3.569,"Market Trading Guide: Naukri, Borosil Renewables among 4 stocks to buy on Tuesday for up to 10% gains",economictimes.indiatimes.com,11.3,General,0.0,0.140,0.350,0.395,,
HYUNDAI,1,3.340,"Tapan Kumar Ghosh exits Hyundai, likely to take charge as VinFast India CEO",www.thehindubusinessline.com,10.8,Management,0.0,0.160,0.400,0.430,,
ALKEM,1,3.293,Alkem launches pertuzumab biosimilar,www.thehindubusinessline.com,11.8,General,0.0,0.140,0.350,0.395,,
PFIZER,1,2.959,Pfizer to buy obesity startup Metsera for $4.9 billion; shares jump on Wall Street — Details here,www.livemint.com,11.7,General,490.0,0.577,0.350,0.395,,
GLOBAL,1,2.076,Global Energy Alliance plans $7.5 bn push for renewables in developing nations,www.thehindubusinessline.com,15.6,General,750.0,0.606,0.350,0.395,,
TOTAL,1,1.145,"Adani Total Gas, Torrent Power among 7 low-leverage midcap stocks",economictimes.indiatimes.com,14.0,General,0.0,0.140,0.350,0.395,,
HAL,1,1.138,Ex-Barings Boss Fails to Halt Suit Over Poached Bankers’ Bonuses,www.livemint.com,14.4,General,0.0,0.140,0.210,0.297,,
SBC,1,1.099,"HSBC’s Roberts Says Bank’s Future Is in Asia, Middle East",www.livemint.com,18.8,General,0.0,0.140,0.297,0.358,,
POLYCAB,1,0.574,"Adani Power, Polycab India among 9 stocks that hit 52-week highs and rallied up to 40% in a month",economictimes.indiatimes.com,13.7,General,0.0,0.140,0.350,0.395,,
ITC,1,0.000,ITC Hotels opens Fortune Airport Road Kochi,www.thehindubusinessline.com,15.3,General,0.0,0.140,0.247,0.323,,
