ticker,news_count,total_news_score,best_title,best_source,news_age_hours,event_type,amt_cr,impact_score,news_certainty,trust_score,live_ret,asof
RELIANCE,4,10.309,Mukesh Ambani working on listing of Reliance Retail with $200-billion valuation,www.thehindubusinessline.com,161.8,IPO/listing,0.0,0.260,0.650,0.605,,
ITC,4,8.506,"ITC Chairman: Nepal investment plans on track despite turbulence, uncertainties",www.thehindubusinessline.com,56.3,General,0.0,0.140,0.350,0.395,,
MARUTI,3,6.030,"Stocks in news: Maruti, Adani Enterprises, Sanghvi Movers, Vodafone Idea, NTPC Green",economictimes.indiatimes.com,153.2,General,0.0,0.140,0.350,0.395,,
ACC,3,5.751,Broker’s call: KEC International  (Accumulate),www.thehindubusinessline.com,161.9,General,0.0,0.140,0.172,0.270,,
TECH,2,5.025,Explained: Why Airfloa Rail Technology IPO listing will not double your money despite 125% GMP?,economictimes.indiatimes.com,125.5,IPO/listing,0.0,0.260,0.552,0.537,,
PROV,1,4.352,"Anglo, Teck Need to Prove More Merger Benefits to Canada, Minister Says",www.livemint.com,136.0,M&A/JV,0.0,0.280,0.595,0.567,,
NUVAMA,2,4.086,Eureka Forbes shares up 2% as Nuvama Institutional Equities initiates coverage with Buy rating,economictimes.indiatimes.com,124.8,General,0.0,0.140,0.350,0.395,,
MAGNUM,1,3.815,Unilever's Magnum looks to scoop out a Diwali 'ice cream moment',www.livemint.com,129.9,General,0.0,0.140,0.350,0.395,,
WIPRO,2,3.553,"Infosys, Wipro ADRs decline up to 4% amid Trump’s proposal for $100,000 annual H-1B visa fee",economictimes.indiatimes.com,53.0,General,0.0,0.140,0.350,0.395,,
BSE,1,2.937,"Dev Accelerator shares list flat at IPO price of Rs 61 on NSE, BSE",economictimes.indiatimes.com,125.3,IPO/listing,0.0,0.260,0.650,0.605,,
BEL,1,2.913,BEL shares jump 2% after bagging fresh orders worth Rs 712 crore in September,economictimes.indiatimes.com,126.2,General,712.0,0.603,0.350,0.320,,
KRYSTAL,1,2.862,Krystal Integrated Services bags ₹168 crore contract in Andhra Pradesh,www.thehindubusinessline.com,140.5,Order/contract,168.0,0.681,0.566,0.546,,
SERVICE,1,2.862,Krystal Integrated Services bags ₹168 crore contract in Andhra Pradesh,www.thehindubusinessline.com,140.5,Order/contract,168.0,0.681,0.481,0.487,,
URBAN,2,2.819,India’s most sought-after IPO of 2025: Urban Co. set for market debut today,www.thehindubusinessline.com,126.7,IPO/listing,0.0,0.260,0.650,0.605,,
TRU,1,2.559,"Gems, jewellery shipments up 5% in August as exporters rushed to beat Trump tariff",www.thehindubusinessline.com,139.1,General,0.0,0.140,0.297,0.358,,
CONS,2,2.164,Tata Consumer Share Price Live Updates: Tata Consumer Sees Modest Weekly Gains,economictimes.indiatimes.com,127.2,General,0.0,0.140,0.210,0.297,,
CONSUMER,2,2.164,Tata Consumer Share Price Live Updates: Tata Consumer Sees Modest Weekly Gains,economictimes.indiatimes.com,127.2,General,0.0,0.140,0.247,0.323,,
UPL,1,2.164,UPL Share Price Live Updates: UPL's Slight Price Increase,economictimes.indiatimes.com,127.2,General,0.0,0.140,0.350,0.395,,
REDINGTON,2,2.098,"Redington shares surge 5%, up nearly 25% in just 2 sessions. What’s fuelling the rally?",economictimes.indiatimes.com,124.8,General,0.0,0.140,0.350,0.395,,
EDELWEISS,1,2.077,GST can start earnings upgrade cycle for India Inc: Trideep Bhattacharya of Edelweiss MF,economictimes.indiatimes.com,126.4,General,0.0,0.140,0.350,0.395,,
ALLCARGO,1,1.819,Allcargo Supply Chain launches Panapakkam Logistics Park near Chennai,www.thehindubusinessline.com,167.4,General,0.0,0.140,0.350,0.395,,
APOLLO,4,1.619,Apollo Hospital Share Price Live Updates: Apollo Hospital's beta reflects its market resilience,economictimes.indiatimes.com,151.2,General,0.0,0.140,0.350,0.245,,
HINDALCO,1,1.587,Hindalco Share Price Live Updates: Hindalco's Weekly Returns Stand at 1.76%,economictimes.indiatimes.com,127.1,General,0.0,0.140,0.350,0.320,,
SPIC,1,1.540,"SpiceJet to expand network, eyes Vietnam market",www.thehindubusinessline.com,138.8,General,0.0,0.140,0.297,0.358,,
IT,2,1.350,ITC Share Price Live Updates: ITC's Weekly Performance Highlights,economictimes.indiatimes.com,127.1,General,0.0,0.140,0.297,0.358,,
MOBIKWIK,1,1.252,"Mobikwik shares drop 2% after Rs 40 crore fraud, probe underway",economictimes.indiatimes.com,125.9,General,40.0,0.402,0.350,0.395,,
AMBER,1,1.239,"Amber Enterprises, Maruti Suzuki among 6 stocks witness 5-year swing high breakout",economictimes.indiatimes.com,127.0,General,0.0,0.140,0.247,0.323,,
CIPLA,1,1.145,Cipla Share Price Live Updates: Cipla's beta indicates consistent market behavior,economictimes.indiatimes.com,151.2,General,0.0,0.140,0.350,0.395,,
BIL,2,1.108,"Deutsche Bank, UniCredit Win Fight Over €2.3 Billion Crisis Fund",www.livemint.com,138.6,General,230.0,0.523,0.297,0.358,,
RELIGARE,1,1.045,"Buy, Sell or Hold: Nuvama initiates coverage on Eureka Forbes; Religare Broking positive on REC",economictimes.indiatimes.com,125.7,General,0.0,0.140,0.247,0.323,,
TCS,1,1.010,TCS Share Price Live Updates: TCS Price and Returns Overview,economictimes.indiatimes.com,127.1,General,0.0,0.140,0.350,0.395,,
STANLEY,1,0.935,"Goldman Sachs, Morgan Stanley defeat Archegos investors insider trading appeals",www.livemint.com,137.2,General,0.0,0.140,0.350,0.395,,
PRABHA,1,0.832,SEBI rents luxury Prabhadevi apartment for the Chairman at ₹7 lakh a month,www.thehindubusinessline.com,141.6,Regulatory,0.1,0.305,0.637,0.596,,
STAR,1,0.789,Hedge Fund Qube Starts Charging Some Staff 35% Incentive Fees,www.livemint.com,136.8,General,0.0,0.140,0.297,0.358,,
TITAN,1,0.687,"Titan Company Share Price Live Updates: Titan Company’s six-month beta stands at 0.746, indicating stability.",economictimes.indiatimes.com,151.2,General,0.0,0.140,0.350,0.395,,
MAL,1,0.675,Harrisons Malayalam wins gold medal at North American tea competition,www.thehindubusinessline.com,140.3,General,0.0,0.140,0.297,0.358,,
WEL,2,0.621,"Last day to buy shares of Kesar Enterprises, Zydus Wellness ahead of stock split record date",economictimes.indiatimes.com,127.1,General,0.0,0.140,0.297,0.283,,
RETAIL,1,0.377,CEO sacked over alleged affair with ex-Chief HR: Super Retail ousts Anthony Heraghty over ‘new information’,www.livemint.com,136.4,Management,0.0,0.160,0.400,0.355,,
NTPC,1,0.207,"Kotak Mahindra Bank, NTPC among 5 stocks showing RSI Trending Up",economictimes.indiatimes.com,126.9,General,0.0,0.140,0.350,0.395,,
DRONE,1,0.000,"Centre unveils draft Civil Drone Bill 2025, proposes strict rules on safety, insurance",www.thehindubusinessline.com,135.7,General,0.0,0.140,0.247,0.323,,
SUPREME,1,0.000,Airtel plays wait and watch on AGR dues even as rival Vodafone Idea moves Supreme Court,www.livemint.com,129.9,General,0.0,0.140,0.247,0.323,,
CYIENT,1,0.000,"GMR Airports, Cyient among 8 stocks showing bullish White Marubozu Pattern",economictimes.indiatimes.com,125.7,General,0.0,0.140,0.350,0.395,,
IDEA,1,0.000,Airtel plays wait and watch on AGR dues even as rival Vodafone Idea moves Supreme Court,www.livemint.com,129.9,General,0.0,0.140,0.247,0.323,,
NCC,1,0.000,"Suzlon Energy, NCC and 5 other F&O stocks saw a high increase in futures open interest",economictimes.indiatimes.com,126.4,General,0.0,0.140,0.247,0.323,,
SUZLON,1,0.000,"Suzlon Energy, NCC and 5 other F&O stocks saw a high increase in futures open interest",economictimes.indiatimes.com,126.4,General,0.0,0.140,0.247,0.323,,
