ticker,company_name,combined_score,adj_score,articles,dups,has_word,amt_cr,reason,event_type,top_title,top_source,sentiment_score,sentiment
SUPREME,SUPREME HOLDINGS & HOSPITALITY (INDIA) LIMITED,0.586522700566646,0.601186,2,1,True,0.0,ticker in title; livemint,General,"Arnya, Supreme Universal join hands to launch  ₹1,000-crore housing platform",www.livemint.com,0.7791370559999999,POSITIVE
TCS,TATA CONSULTANCY SERVICES LIMITED,0.5231248867951968,0.524272,2,1,True,0.0,ticker in title; economictimes,General,TCS or Infosys? Which IT company has the highest share of H-1B visa employees,economictimes.indiatimes.com,0.56621376,NEUTRAL
TI,TILAKNAGAR INDUSTRIES LIMITED,0.5948136042821159,0.36227,3,1,False,12.0,~₹12.0 Cr; no exact ticker; livemint,General,"UK-based fintech Tide raises $120 million led by TPG, enters unicorn club",www.livemint.com,0.3803835,NEUTRAL
URBAN,URBAN ENVIRO WASTE MANAGEMENT LIMITED,0.1950801384113444,0.19508,1,1,True,0.0,IPO/listing; ticker in title; economictimes,IPO/listing,"Urban Company shares surge 9% amid high trading volume, extend rally to 86% over IPO price",economictimes.indiatimes.com,0.303388416,POSITIVE
FACT,FERTILIZERS AND CHEMICALS TRAVANCORE LIMITED,0.3828739409725861,0.22781,1,1,False,0.0,Management; no exact ticker; livemint,Management,Factbox-More companies adopt co-CEO structure,www.livemint.com,0.2392005,NEUTRAL
AGI,AGI GREENPAC LIMITED,0.173662292829753,0.182345,1,1,True,0.0,ticker in title; thehindubusinessline,General,Broker’s call: AGI Greenpac (Buy),www.thehindubusinessline.com,0.23631912000000002,POSITIVE
PFIZER,PFIZER LIMITED,0.1068272286418101,0.154741,1,1,True,490.0,~₹490 Cr; ticker in title; livemint,General,Pfizer to buy obesity startup Metsera for $4.9 billion; shares jump on Wall Street — Details here,www.livemint.com,0.23062598639999995,POSITIVE
MPHASIS,MPHASIS LIMITED,0.2099125055798579,0.209913,1,1,True,0.0,ticker in title; economictimes,General,"Gainers & Losers: Adani Power, Mphasis among 5 major movers on Friday",economictimes.indiatimes.com,0.22670604,NEUTRAL
SWIGGY,SWIGGY LIMITED,0.4885215863090032,0.627552,1,1,True,50.0,~₹50.0 Cr; ticker in title; economictimes,General,"Swiggy needs $500 million fundraise, says JM Financial after downgrading stock to ‘Reduce’",economictimes.indiatimes.com,0.2134931904,NEGATIVE
NAUKRI,INFO EDGE (INDIA) LIMITED,0.1347941978875494,0.134794,1,1,True,0.0,ticker in title; economictimes,General,"Market Trading Guide: Naukri, Borosil Renewables among 4 stocks to buy on Tuesday for up to 10% gains",economictimes.indiatimes.com,0.174693024,POSITIVE
SCI,SHIPPING CORPORATION OF INDIA LIMITED,0.2748928118958824,0.16765,1,1,False,0.0,no exact ticker; thehindubusinessline,General,Broker’s call: Camlin Fine Sciences (Add),www.thehindubusinessline.com,0.16765,NEUTRAL
ALKEM,ALKEM LABORATORIES LIMITED,0.1215046676790665,0.124542,1,1,True,0.0,ticker in title; thehindubusinessline,General,Alkem launches pertuzumab biosimilar,www.thehindubusinessline.com,0.161406432,POSITIVE
HYUNDAI,HYUNDAI MOTOR INDIA LIMITED,0.1257784056532715,0.125778,1,1,True,0.0,Management; ticker in title; thehindubusinessline,Management,"Tapan Kumar Ghosh exits Hyundai, likely to take charge as VinFast India CEO",www.thehindubusinessline.com,0.14263225200000001,NEUTRAL
AGNI,AGNI GREEN POWER LIMITED,0.2047791387301321,0.121844,1,1,False,0.0,no exact ticker; thehindubusinessline,General,Agnikul Cosmos commissions first-of-its-kind large-format additive manufacturing facility for rocket systems,www.thehindubusinessline.com,0.121844,NEUTRAL
ACC,ACC LIMITED,0.3071060410920579,0.109637,1,1,False,0.0,no exact ticker; economictimes,General,India Accelerator acquires co-working operator MySOHO to support startups,economictimes.indiatimes.com,0.109637,NEUTRAL
HUDCO,HOUSING & URBAN DEVELOPMENT CORPORATION LIMITED,0.2114843826108279,0.13273,1,2,True,117.0,Order/contract; ~₹117 Cr; ticker in title,Order/contract,NBCC inks pact with HUDCO to execute projects worth Rs 117 crore,economictimes.indiatimes.com,0.08251873008057425,NEUTRAL
NBCC,NBCC (INDIA) LIMITED,0.211484378819653,0.13273,1,2,True,117.0,Order/contract; ~₹117 Cr; ticker in title,Order/contract,NBCC inks pact with HUDCO to execute projects worth Rs 117 crore,economictimes.indiatimes.com,0.08251873008057425,NEUTRAL
CONSUMER,MIRAE ASSET MF- MIRAE ASSET NIFTY INDIA NEW AGE CONSUMPTION ETF,0.2736067694871676,0.127642,1,2,True,0.0,IPO/listing; ticker in title; dedup x2,IPO/listing,"Ashish Kacholia-backed Ganesh Consumer Products IPO subscribed 12% on Day 1. Check GMP, price band, and other details",economictimes.indiatimes.com,0.07200499212015805,NEUTRAL
GLOBAL,GLOBAL EDUCATION LIMITED,0.0624814065879939,0.047138,1,1,True,750.0,~₹750 Cr; ticker in title; thehindubusinessline,General,Global Energy Alliance plans $7.5 bn push for renewables in developing nations,www.thehindubusinessline.com,0.05854539599999999,NEUTRAL
SILVER,ADITYA BIRLA SUN LIFE MUTUAL FUND - ADITYA BIRLA SUN LIFE SILVER ETF,0.1934894993148199,0.090338,1,2,True,0.011,~₹0.0 Cr; ticker in title; dedup x2,General,"Gold tops Rs 1.11 lakh/10 gms, Silver surges past Rs 1.33 lakh/kg to hit fresh lifetime highs",economictimes.indiatimes.com,0.050961180318005346,POSITIVE
KALYANI,KALYANI COMMERCIALS LIMITED,0.2212694895239908,0.105807,1,2,True,0.0,ticker in title; dedup x2; livemint,General,"Hikal AGM to take up Amit Kalyani reappointment, as proxy firms take sides in family feud",www.livemint.com,0.04973958546336343,NEUTRAL
HIKAL,HIKAL LIMITED,0.2212694725665679,0.103226,1,2,True,0.0,ticker in title; dedup x2; livemint,General,"Hikal AGM to take up Amit Kalyani reappointment, as proxy firms take sides in family feud",www.livemint.com,0.04852626432127509,NEUTRAL
RML,RANE (MADRAS) LIMITED,0.1960213850348127,0.091447,1,2,True,0.0,ticker in title; dedup x2; thehindubusinessline,General,Refex Green Mobility to spin off as independent listed entity RML,www.thehindubusinessline.com,0.04298898817533997,NEUTRAL
REFEX,REFEX INDUSTRIES LIMITED,0.1960213850348127,0.091447,1,2,True,0.0,ticker in title; dedup x2; thehindubusinessline,General,Refex Green Mobility to spin off as independent listed entity RML,www.thehindubusinessline.com,0.04298898817533997,NEUTRAL
CONS,KOTAK NIFTY INDIA CONSUMPTION ETF,0.2736067718883161,0.075947,1,2,False,0.0,IPO/listing; no exact ticker; dedup x2,IPO/listing,"Ashish Kacholia-backed Ganesh Consumer Products IPO subscribed 12% on Day 1. Check GMP, price band, and other details",economictimes.indiatimes.com,0.039669422178390444,NEUTRAL
