rank,ticker,total_score,news_count,best_title,best_source
1,RAYMOND,9.763,1,"Raymond open to acquisitions, bets on real estate for next growth phase",www.livemint.com
2,TRU,9.203,3,India plans relief package for exporters hit by Trump’s Tariffs,www.thehindubusinessline.com
3,GAIL,8.921,1,GAIL eyes stock exchange listing of city gas distribution arm,www.thehindubusinessline.com
4,RETAIL,8.453,1,Urban Company IPO: Retail hand mops up on Day 1,www.thehindubusinessline.com
5,GLOBAL,7.239,2,CVC Capital to exit Healthcare Global via  ₹550 crore block deal,www.livemint.com
6,TEGA,7.110,1,"Tega Industries, Apollo Funds plan to buy Molycop in $1.5-billion deal",www.thehindubusinessline.com
7,APOLLO,6.873,2,"Tega Industries, Apollo Funds plan to buy Molycop in $1.5-billion deal",www.thehindubusinessline.com
8,IDEA,6.267,1,"Vodafone Idea moves Supreme Court against additional  ₹9,450 cr AGR dues demand",www.livemint.com
9,SUPREME,6.267,1,"Vodafone Idea moves Supreme Court against additional  ₹9,450 cr AGR dues demand",www.livemint.com
10,WIPRO,5.945,2,Wipro surges 2.83% as IT sector rallies on Infosys buyback boost,www.thehindubusinessline.com
11,CUPID,5.904,2,"At multi-year highs: Sundaram Finance, Cupid among 5 stocks witness 5-year swing high breakout",economictimes.indiatimes.com
12,ACC,5.443,5,Dev Accelerator IPO fully subscribed within hours on Day 1; GMP at 13% — Key Details Inside,economictimes.indiatimes.com
13,WEL,5.421,2,SWELECT Energy Systems appoints Arulkumar Shanmugasundaram as MD and CEO,www.thehindubusinessline.com
14,BIL,5.087,1,Nebius CEO Arkady Volozh Is $1 Billion Richer After Microsoft AI Deal,www.livemint.com
15,MOL,4.977,1,"Tega Industries, Apollo Funds plan to buy Molycop in $1.5-billion deal",www.thehindubusinessline.com
16,BSE,4.521,1,Bajaj Allianz Life launches BSE 500 Enhanced Value 50 Index Fund,www.thehindubusinessline.com
17,PAR,4.200,1,Embassy Office Parks REIT rejects Sterling Wilson Renewable Energy claim,www.thehindubusinessline.com
18,SUNDARAM,4.029,1,"At multi-year highs: Sundaram Finance, Cupid among 5 stocks witness 5-year swing high breakout",economictimes.indiatimes.com
19,SIL,3.862,1,"Silver shines as ETF flows, central banks buying boost rally",www.thehindubusinessline.com
20,TI,3.595,2,"JPMorgan, Fifth Third Among Banks Facing Losses Tied to Tricolor",www.livemint.com
21,RELIANCE,3.430,1,"Reliance Power, Reliance Infra shares down 36% in 3 months. Can Anil Ambani convince markets his turnaround still has legs?",economictimes.indiatimes.com
22,OFSS,3.343,1,"OFSS shares rally over 9%, mirroring parent Oracle’s surge on cloud boom",economictimes.indiatimes.com
23,LICI,3.192,1,Licious shuts plant-based arm UnCrave to focus on profitability ahead of IPO,www.thehindubusinessline.com
24,STAR,3.181,1,Deutsche Bank Distressed Desk Nets $100 Million on EchoStar Bets,www.livemint.com
25,SWIGGY,3.123,1,"Gifting companies plan to hitch growth ride with Swiggy, Blinkit",www.livemint.com
