rank,ticker,total_score,news_count,best_title,best_source
1,ACC,17.777,6,Dev Accelerator IPO fully subscribed within hours on Day 1; GMP at 13% — Key Details Inside,economictimes.indiatimes.com
2,GLOBAL,14.195,3,CVC Capital to exit Healthcare Global via  ₹550 crore block deal,www.livemint.com
3,APOLLO,10.921,2,"Tega Industries, Apollo Funds plan to buy Molycop in $1.5-billion deal",www.thehindubusinessline.com
4,BIL,10.655,2,Nebius CEO Arkady Volozh Is $1 Billion Richer After Microsoft AI Deal,www.livemint.com
5,RAYMOND,10.224,1,"Raymond open to acquisitions, bets on real estate for next growth phase",www.livemint.com
6,GAIL,9.343,1,GAIL eyes stock exchange listing of city gas distribution arm,www.thehindubusinessline.com
7,RETAIL,8.594,1,Urban Company IPO: Retail hand mops up on Day 1,www.thehindubusinessline.com
8,WIPRO,7.490,2,Wipro Share Price Live Updates: Wipro's low beta reflects cautious investor sentiment,economictimes.indiatimes.com
9,MOL,7.446,1,"Tega Industries, Apollo Funds plan to buy Molycop in $1.5-billion deal",www.thehindubusinessline.com
10,TEGA,7.446,1,"Tega Industries, Apollo Funds plan to buy Molycop in $1.5-billion deal",www.thehindubusinessline.com
11,TI,7.368,4,LTIMindtree Share Price Live Updates: LTIMindtree's beta value highlights consistent performance,economictimes.indiatimes.com
12,IDEA,6.563,1,"Vodafone Idea moves Supreme Court against additional  ₹9,450 cr AGR dues demand",www.livemint.com
13,SUPREME,6.563,1,"Vodafone Idea moves Supreme Court against additional  ₹9,450 cr AGR dues demand",www.livemint.com
14,CUPID,6.183,2,"At multi-year highs: Sundaram Finance, Cupid among 5 stocks witness 5-year swing high breakout",economictimes.indiatimes.com
15,WEL,5.677,2,SWELECT Energy Systems appoints Arulkumar Shanmugasundaram as MD and CEO,www.thehindubusinessline.com
16,STAR,5.553,1,Deutsche Bank Distressed Desk Nets $100 Million on EchoStar Bets,www.livemint.com
17,BSE,4.734,1,Bajaj Allianz Life launches BSE 500 Enhanced Value 50 Index Fund,www.thehindubusinessline.com
18,TRU,4.494,6,India plans relief package for exporters hit by Trump’s Tariffs,www.thehindubusinessline.com
19,PAR,4.399,1,Embassy Office Parks REIT rejects Sterling Wilson Renewable Energy claim,www.thehindubusinessline.com
20,SUNDARAM,4.219,1,"At multi-year highs: Sundaram Finance, Cupid among 5 stocks witness 5-year swing high breakout",economictimes.indiatimes.com
21,UPL,4.213,1,UPL Share Price Live Updates: UPL's Volatility Metrics,economictimes.indiatimes.com
22,HINDALCO,4.211,1,Hindalco Share Price Live Updates: Hindalco's Six-Month Beta Revealed,economictimes.indiatimes.com
23,GRASIM,4.211,1,Grasim Inds Share Price Live Updates: Grasim Industries' stock volatility metrics,economictimes.indiatimes.com
24,ITC,4.210,1,ITC Share Price Live Updates: ITC's beta showcases a stable investment profile,economictimes.indiatimes.com
25,TCS,4.210,1,TCS Share Price Live Updates: TCS's beta value suggests consistent performance,economictimes.indiatimes.com
26,SIL,4.045,1,"Silver shines as ETF flows, central banks buying boost rally",www.thehindubusinessline.com
27,RELIANCE,3.592,1,"Reliance Power, Reliance Infra shares down 36% in 3 months. Can Anil Ambani convince markets his turnaround still has legs?",economictimes.indiatimes.com
28,OFSS,3.501,1,"OFSS shares rally over 9%, mirroring parent Oracle’s surge on cloud boom",economictimes.indiatimes.com
29,LICI,3.343,1,Licious shuts plant-based arm UnCrave to focus on profitability ahead of IPO,www.thehindubusinessline.com
30,SWIGGY,3.271,1,"Gifting companies plan to hitch growth ride with Swiggy, Blinkit",www.livemint.com
31,SUMIT,2.556,1,"Kotak Mahindra Bank shares in focus as Sumitomo exits with Rs 6,256 crore block deal",economictimes.indiatimes.com
32,CIPLA,2.528,1,Cipla Share Price Live Updates: Cipla's Stability in Market Performance,economictimes.indiatimes.com
33,LT,2.527,1,LTIMindtree Share Price Live Updates: LTIMindtree's beta value highlights consistent performance,economictimes.indiatimes.com
34,LTIM,2.527,1,LTIMindtree Share Price Live Updates: LTIMindtree's beta value highlights consistent performance,economictimes.indiatimes.com
35,MARUTI,2.525,1,Maruti Suzuki Share Price Live Updates: Maruti Suzuki's six-month beta analysis,economictimes.indiatimes.com
36,NH,2.193,1,CNH chief says US tariffs on India mark ‘pause’ in trade talks,www.thehindubusinessline.com
37,BEL,1.814,1,BEL dividend payment date announced; stock rises 5%. Check details,economictimes.indiatimes.com
38,WORTH,1.719,1,Standard Bank Says Net Effect of East Africa Pipeline ‘Worth It’,www.livemint.com
39,PRESTIGE,1.704,1,Quick commerce hyper-growth channel for TTK Prestige: CEO,www.thehindubusinessline.com
40,KEI,1.671,1,"PM Modi, UK’s Keir Starmer to share stage at GFF 2025",www.thehindubusinessline.com
41,SCI,1.633,1,"MosChip Technologies rebounds 0.97% after sharp selloff, faces MSCI index deletion",www.thehindubusinessline.com
42,TITAN,0.849,1,"Titan, Astral among 5 stocks where foreign brokerages see up to 25% upside",economictimes.indiatimes.com
43,ONGC,0.421,1,ONGC Share Price Live Updates: ONGC's stock shows stability with a beta of 1.0172,economictimes.indiatimes.com
44,POONAWALLA,0.000,1,"Poonawalla Fincorp, Divi's Labs among 7 stocks closed crossing above VWAP",economictimes.indiatimes.com
45,TRENT,0.000,1,"Oracle Financial Services, Trent among 6 F&O stocks saw a high increase in futures open interest",economictimes.indiatimes.com
46,IDBI,-1.384,1,Zee refutes IDBI Bank’s claims of ₹225 crore default,www.thehindubusinessline.com
47,BLS,-2.568,1,Staffing Crisis Unfolds at BLS With a Third of Leadership Jobs Now Vacant,www.livemint.com
