rank,ticker,total_score,news_count,best_title,best_source
1,ACC,16.938,5,Dev Accelerator IPO fully subscribed within hours on Day 1; GMP at 13% — Key Details Inside,economictimes.indiatimes.com
2,APOLLO,10.917,2,"Tega Industries, Apollo Funds plan to buy Molycop in $1.5-billion deal",www.thehindubusinessline.com
3,RAYMOND,10.220,1,"Raymond open to acquisitions, bets on real estate for next growth phase",www.livemint.com
4,TRU,9.634,3,India plans relief package for exporters hit by Trump’s Tariffs,www.thehindubusinessline.com
5,GAIL,9.340,1,GAIL eyes stock exchange listing of city gas distribution arm,www.thehindubusinessline.com
6,GLOBAL,8.789,2,CVC Capital to exit Healthcare Global via  ₹550 crore block deal,www.livemint.com
7,RETAIL,8.591,1,Urban Company IPO: Retail hand mops up on Day 1,www.thehindubusinessline.com
8,WIPRO,7.487,2,Wipro Share Price Live Updates: Wipro's low beta reflects cautious investor sentiment,economictimes.indiatimes.com
9,MOL,7.444,1,"Tega Industries, Apollo Funds plan to buy Molycop in $1.5-billion deal",www.thehindubusinessline.com
10,TEGA,7.444,1,"Tega Industries, Apollo Funds plan to buy Molycop in $1.5-billion deal",www.thehindubusinessline.com
11,IDEA,6.561,1,"Vodafone Idea moves Supreme Court against additional  ₹9,450 cr AGR dues demand",www.livemint.com
12,SUPREME,6.561,1,"Vodafone Idea moves Supreme Court against additional  ₹9,450 cr AGR dues demand",www.livemint.com
13,CUPID,6.181,2,"At multi-year highs: Sundaram Finance, Cupid among 5 stocks witness 5-year swing high breakout",economictimes.indiatimes.com
14,WEL,5.675,2,SWELECT Energy Systems appoints Arulkumar Shanmugasundaram as MD and CEO,www.thehindubusinessline.com
15,STAR,5.550,1,Deutsche Bank Distressed Desk Nets $100 Million on EchoStar Bets,www.livemint.com
16,BIL,5.325,1,Nebius CEO Arkady Volozh Is $1 Billion Richer After Microsoft AI Deal,www.livemint.com
17,BSE,4.733,1,Bajaj Allianz Life launches BSE 500 Enhanced Value 50 Index Fund,www.thehindubusinessline.com
18,TI,4.521,2,LTIMindtree Share Price Live Updates: LTIMindtree's beta value highlights consistent performance,economictimes.indiatimes.com
19,PAR,4.397,1,Embassy Office Parks REIT rejects Sterling Wilson Renewable Energy claim,www.thehindubusinessline.com
20,SUNDARAM,4.218,1,"At multi-year highs: Sundaram Finance, Cupid among 5 stocks witness 5-year swing high breakout",economictimes.indiatimes.com
21,UPL,4.211,1,UPL Share Price Live Updates: UPL's Volatility Metrics,economictimes.indiatimes.com
22,HINDALCO,4.210,1,Hindalco Share Price Live Updates: Hindalco's Six-Month Beta Revealed,economictimes.indiatimes.com
23,GRASIM,4.210,1,Grasim Inds Share Price Live Updates: Grasim Industries' stock volatility metrics,economictimes.indiatimes.com
24,ITC,4.209,1,ITC Share Price Live Updates: ITC's beta showcases a stable investment profile,economictimes.indiatimes.com
25,TCS,4.208,1,TCS Share Price Live Updates: TCS's beta value suggests consistent performance,economictimes.indiatimes.com
26,SIL,4.043,1,"Silver shines as ETF flows, central banks buying boost rally",www.thehindubusinessline.com
27,RELIANCE,3.591,1,"Reliance Power, Reliance Infra shares down 36% in 3 months. Can Anil Ambani convince markets his turnaround still has legs?",economictimes.indiatimes.com
28,OFSS,3.500,1,"OFSS shares rally over 9%, mirroring parent Oracle’s surge on cloud boom",economictimes.indiatimes.com
29,LICI,3.342,1,Licious shuts plant-based arm UnCrave to focus on profitability ahead of IPO,www.thehindubusinessline.com
30,SWIGGY,3.270,1,"Gifting companies plan to hitch growth ride with Swiggy, Blinkit",www.livemint.com
