rank,ticker,total_score,news_count,best_title,best_source
1,ACC,16.884,5,Dev Accelerator IPO fully subscribed within hours on Day 1; GMP at 13% — Key Details Inside,economictimes.indiatimes.com
2,APOLLO,10.882,2,"Tega Industries, Apollo Funds plan to buy Molycop in $1.5-billion deal",www.thehindubusinessline.com
3,RAYMOND,10.188,1,"Raymond open to acquisitions, bets on real estate for next growth phase",www.livemint.com
4,TRU,9.603,3,India plans relief package for exporters hit by Trump’s Tariffs,www.thehindubusinessline.com
5,GAIL,9.309,1,GAIL eyes stock exchange listing of city gas distribution arm,www.thehindubusinessline.com
6,GLOBAL,8.761,2,CVC Capital to exit Healthcare Global via  ₹550 crore block deal,www.livemint.com
7,RETAIL,8.564,1,Urban Company IPO: Retail hand mops up on Day 1,www.thehindubusinessline.com
8,WIPRO,7.463,2,Wipro Share Price Live Updates: Wipro's low beta reflects cautious investor sentiment,economictimes.indiatimes.com
9,MOL,7.420,1,"Tega Industries, Apollo Funds plan to buy Molycop in $1.5-billion deal",www.thehindubusinessline.com
10,TEGA,7.420,1,"Tega Industries, Apollo Funds plan to buy Molycop in $1.5-billion deal",www.thehindubusinessline.com
11,IDEA,6.540,1,"Vodafone Idea moves Supreme Court against additional  ₹9,450 cr AGR dues demand",www.livemint.com
12,SUPREME,6.540,1,"Vodafone Idea moves Supreme Court against additional  ₹9,450 cr AGR dues demand",www.livemint.com
13,CUPID,6.161,2,"At multi-year highs: Sundaram Finance, Cupid among 5 stocks witness 5-year swing high breakout",economictimes.indiatimes.com
14,WEL,5.657,2,SWELECT Energy Systems appoints Arulkumar Shanmugasundaram as MD and CEO,www.thehindubusinessline.com
15,STAR,5.533,1,Deutsche Bank Distressed Desk Nets $100 Million on EchoStar Bets,www.livemint.com
16,BIL,5.308,1,Nebius CEO Arkady Volozh Is $1 Billion Richer After Microsoft AI Deal,www.livemint.com
17,BSE,4.717,1,Bajaj Allianz Life launches BSE 500 Enhanced Value 50 Index Fund,www.thehindubusinessline.com
18,TI,4.507,2,LTIMindtree Share Price Live Updates: LTIMindtree's beta value highlights consistent performance,economictimes.indiatimes.com
19,PAR,4.383,1,Embassy Office Parks REIT rejects Sterling Wilson Renewable Energy claim,www.thehindubusinessline.com
20,SUNDARAM,4.204,1,"At multi-year highs: Sundaram Finance, Cupid among 5 stocks witness 5-year swing high breakout",economictimes.indiatimes.com
