rank,ticker,total_score,news_count,best_title,best_source
1,RELIANCE,10.942,4,Mukesh Ambani working on listing of Reliance Retail with $200-billion valuation,www.thehindubusinessline.com
2,ITC,8.667,3,"ITC Chairman: Nepal investment plans on track despite turbulence, uncertainties",www.thehindubusinessline.com
3,MARUTI,6.400,2,"Stocks in news: Maruti, Adani Enterprises, Sanghvi Movers, Vodafone Idea, NTPC Green",economictimes.indiatimes.com
4,WIPRO,4.468,1,"Infosys, Wipro ADRs decline up to 4% amid Trump’s proposal for $100,000 annual H-1B visa fee",economictimes.indiatimes.com
5,NUVAMA,4.337,2,Eureka Forbes shares up 2% as Nuvama Institutional Equities initiates coverage with Buy rating,economictimes.indiatimes.com
6,MAGNUM,4.049,1,Unilever's Magnum looks to scoop out a Diwali 'ice cream moment',www.livemint.com
7,BSE,3.117,1,"Dev Accelerator shares list flat at IPO price of Rs 61 on NSE, BSE",economictimes.indiatimes.com
8,BEL,3.092,1,BEL shares jump 2% after bagging fresh orders worth Rs 712 crore in September,economictimes.indiatimes.com
9,KRYSTAL,3.038,1,Krystal Integrated Services bags ₹168 crore contract in Andhra Pradesh,www.thehindubusinessline.com
10,TRU,2.716,1,"Gems, jewellery shipments up 5% in August as exporters rushed to beat Trump tariff",www.thehindubusinessline.com
