ticker,company_name,combined_score,adj_score,articles,dups,has_word,amt_cr,reason,event_type,top_title,top_source,adaptive_score,adaptive_entity_relevance,adaptive_financial_materiality,adaptive_business_action,adaptive_market_sentiment,adaptive_information_entropy
PFIZER,PFIZER LIMITED,0.1068272286418101,0.154741,1,1,True,490.0,~₹490 Cr; ticker in title; livemint,General,Pfizer to buy obesity startup Metsera for $4.9 billion; shares jump on Wall Street — Details here,www.livemint.com,0.7800000000000001,1.0,0.8,0.2,1.0,1.0000000000000002
GLOBAL,GLOBAL EDUCATION LIMITED,0.0624814065879939,0.047138,1,1,True,750.0,~₹750 Cr; ticker in title; thehindubusinessline,General,Global Energy Alliance plans $7.5 bn push for renewables in developing nations,www.thehindubusinessline.com,0.75,1.0,1.0,0.0,0.0,1.0
NBCC,NBCC (INDIA) LIMITED,0.211484378819653,0.13273,1,2,True,117.0,Order/contract; ~₹117 Cr; ticker in title,Order/contract,NBCC inks pact with HUDCO to execute projects worth Rs 117 crore,economictimes.indiatimes.com,0.56,1.0,0.6,0.1,0.0,1.0
SWIGGY,SWIGGY LIMITED,0.4885215863090032,0.627552,1,1,True,50.0,~₹50.0 Cr; ticker in title; economictimes,General,"Swiggy needs $500 million fundraise, says JM Financial after downgrading stock to ‘Reduce’",economictimes.indiatimes.com,0.53,1.0,0.4,0.1,0.0,1.0000000000000002
MPHASIS,MPHASIS LIMITED,0.2099125055798579,0.209913,1,1,True,0.0,ticker in title; economictimes,General,"Gainers & Losers: Adani Power, Mphasis among 5 major movers on Friday",economictimes.indiatimes.com,0.5050000000000001,1.0,0.1,0.2,0.0,1.0
POLYCAB,POLYCAB INDIA LIMITED,0.0,0.0,1,1,True,0.0,ticker in title; economictimes,General,"Adani Power, Polycab India among 9 stocks that hit 52-week highs and rallied up to 40% in a month",economictimes.indiatimes.com,0.49000000000000005,1.0,0.0,0.2,0.0,0.9999999999999996
REFEX,REFEX INDUSTRIES LIMITED,0.1960213850348127,0.091447,1,2,True,0.0,ticker in title; dedup x2; thehindubusinessline,General,Refex Green Mobility to spin off as independent listed entity RML,www.thehindubusinessline.com,0.4700000000000001,1.0,0.0,0.1,0.0,1.0000000000000002
ALKEM,ALKEM LABORATORIES LIMITED,0.1215046676790665,0.124542,1,1,True,0.0,ticker in title; thehindubusinessline,General,Alkem launches pertuzumab biosimilar,www.thehindubusinessline.com,0.47000000000000003,1.0,0.0,0.1,0.0,1.0
KALYANI,KALYANI COMMERCIALS LIMITED,0.2212694895239908,0.105807,1,2,True,0.0,ticker in title; dedup x2; livemint,General,"Hikal AGM to take up Amit Kalyani reappointment, as proxy firms take sides in family feud",www.livemint.com,0.46843750000000006,1.0,0.0,0.1,0.0,0.96875
AGI,AGI GREENPAC LIMITED,0.173662292829753,0.182345,1,1,True,0.0,ticker in title; thehindubusinessline,General,Broker’s call: AGI Greenpac (Buy),www.thehindubusinessline.com,0.45,1.0,0.0,0.0,0.0,1.0
TOTAL,TOTAL TRANSPORT SYSTEMS LIMITED,0.0244732239543217,0.024473,1,1,True,0.0,ticker in title; economictimes,General,"Adani Total Gas, Torrent Power among 7 low-leverage midcap stocks",economictimes.indiatimes.com,0.35666666666666663,0.6666666666666666,0.0,0.2,0.0,1.0
BOSS,BOSS PACKAGING SOLUTIONS LIMITED,0.0239100343397063,0.011154,1,2,True,0.0,ticker in title; dedup x2; livemint,General,Ex-Barings Boss Fails to Halt Suit Over Poached Bankers’ Bonuses,www.livemint.com,0.3516666666666667,0.6666666666666666,0.1,0.1,0.0,1.0
RETAIL,JHS SVENDGAARD RETAIL VENTURES LIMITED,0.2197095953882178,0.21916,1,1,True,0.0,Results/metrics; ticker in title; economictimes,Results/metrics,"Retail trimmed, FIIs & MFs stepped in: 8 stocks surged up to 80% in Q2 so far — Are you in or out?",economictimes.indiatimes.com,0.33570551566902535,0.6666666666666666,0.0,0.1,0.0,0.9807769800471735
IT,KOTAK NIFTY IT ETF,0.5694382735244237,0.265652,3,2,True,0.0,ticker in title; dedup x2; thehindubusinessline,General,"IT stocks plunge as Trump’s $100,000 H-1B visa fee rattles markets",www.thehindubusinessline.com,0.24500000000000002,0.0,0.1,0.4,-1.0,1.0000000000000002
TRU,TRUCAP FINANCE LIMITED,1.0,0.284517,3,2,False,0.0,no exact ticker; dedup x2; thehindubusinessline,General,"IT stocks plunge as Trump’s $100,000 H-1B visa fee rattles markets",www.thehindubusinessline.com,0.24500000000000002,0.0,0.1,0.4,-1.0,1.0000000000000002
URBAN,URBAN ENVIRO WASTE MANAGEMENT LIMITED,0.1950801384113444,0.19508,1,1,True,0.0,IPO/listing; ticker in title; economictimes,IPO/listing,"Urban Company shares surge 9% amid high trading volume, extend rally to 86% over IPO price",economictimes.indiatimes.com,0.21000000000000002,0.5,0.0,0.30000000000000004,1.0,1.0
SILVER,ADITYA BIRLA SUN LIFE MUTUAL FUND - ADITYA BIRLA SUN LIFE SILVER ETF,0.1934894993148199,0.090338,1,2,True,0.011,~₹0.0 Cr; ticker in title; dedup x2,General,"Gold tops Rs 1.11 lakh/10 gms, Silver surges past Rs 1.33 lakh/kg to hit fresh lifetime highs",economictimes.indiatimes.com,0.18856087916401046,0.5,0.2,0.3,0.0,0.971217583280209
SUPREME,SUPREME HOLDINGS & HOSPITALITY (INDIA) LIMITED,0.586522700566646,0.601186,2,1,True,0.0,ticker in title; livemint,General,"Arnya, Supreme Universal join hands to launch  ₹1,000-crore housing platform",www.livemint.com,0.17,0.5,0.2,0.2,0.0,1.0
HUDCO,HOUSING & URBAN DEVELOPMENT CORPORATION LIMITED,0.2114843826108279,0.13273,1,2,True,117.0,Order/contract; ~₹117 Cr; ticker in title,Order/contract,NBCC inks pact with HUDCO to execute projects worth Rs 117 crore,economictimes.indiatimes.com,0.16,0.0,0.6,0.1,0.0,1.0
TI,TILAKNAGAR INDUSTRIES LIMITED,0.5948136042821159,0.36227,3,1,False,12.0,~₹12.0 Cr; no exact ticker; livemint,General,"UK-based fintech Tide raises $120 million led by TPG, enters unicorn club",www.livemint.com,0.15000000000000002,0.0,0.4,0.2,0.0,1.0
SIL,STANDARD INDUSTRIES LIMITED,0.1934895010415257,0.055095,1,2,False,0.011,~₹0.0 Cr; no exact ticker; dedup x2,General,"Gold tops Rs 1.11 lakh/10 gms, Silver surges past Rs 1.33 lakh/kg to hit fresh lifetime highs",economictimes.indiatimes.com,0.13856087916401044,0.0,0.2,0.3,0.0,0.971217583280209
HYUNDAI,HYUNDAI MOTOR INDIA LIMITED,0.1257784056532715,0.125778,1,1,True,0.0,Management; ticker in title; thehindubusinessline,Management,"Tapan Kumar Ghosh exits Hyundai, likely to take charge as VinFast India CEO",www.thehindubusinessline.com,0.12000000000000002,0.5,0.0,0.1,0.0,1.0000000000000002
AGNI,AGNI GREEN POWER LIMITED,0.2047791387301321,0.121844,1,1,False,0.0,no exact ticker; thehindubusinessline,General,Agnikul Cosmos commissions first-of-its-kind large-format additive manufacturing facility for rocket systems,www.thehindubusinessline.com,0.11833333333333335,0.3333333333333333,0.1,0.1,0.0,1.0000000000000002
CONSUMER,MIRAE ASSET MF- MIRAE ASSET NIFTY INDIA NEW AGE CONSUMPTION ETF,0.2736067694871676,0.127642,1,2,True,0.0,IPO/listing; ticker in title; dedup x2,IPO/listing,"Ashish Kacholia-backed Ganesh Consumer Products IPO subscribed 12% on Day 1. Check GMP, price band, and other details",economictimes.indiatimes.com,0.11000000000000001,0.0,0.0,0.30000000000000004,0.0,1.0
CONS,KOTAK NIFTY INDIA CONSUMPTION ETF,0.2736067718883161,0.075947,1,2,False,0.0,IPO/listing; no exact ticker; dedup x2,IPO/listing,"Ashish Kacholia-backed Ganesh Consumer Products IPO subscribed 12% on Day 1. Check GMP, price band, and other details",economictimes.indiatimes.com,0.11000000000000001,0.0,0.0,0.30000000000000004,0.0,1.0
