ticker,company_name,combined_score,adj_score,articles,dups,has_word,amt_cr,reason,event_type,top_title,top_source
HYUNDAI,HYUNDAI MOTOR INDIA LIMITED,1.0,1.500000,1,1,True,45000.000,~23.5% mcap impact; ticker in title,General,"Hyundai India to invest ₹45,000 cr by 2030, to roll out 26 new models",
IOC,INDIAN OIL CORPORATION LIMITED,1.0,1.102500,1,1,False,40000.000,~18.9% mcap impact; no exact ticker,General,"Indian Oil’s capex likely to be at around ₹40,000 cr in FY27-29",
UMAEXPORTS,UMA EXPORTS LIMITED,1.0,1.076250,1,1,False,1350.000,~50.0% mcap impact; no exact ticker,General,Mobile phone exports grow 60% y-o-y to $13.5 billion in April-September,
HYUNDAI,HYUNDAI MOTOR INDIA LIMITED,1.0,1.050000,1,1,True,0.000,Management; ticker in title,Management,Hyundai Motor India appoints Tarun Garg as the next MD & CEO,
HYUNDAI,HYUNDAI MOTOR INDIA LIMITED,1.0,1.050000,1,1,True,0.000,Management; ticker in title,Management,"Hyundai Motor India appoints Tarun Garg as MD and CEO, first Indian to be so; when will he take over?",
MARUTI,MARUTI SUZUKI INDIA LIMITED,1.0,1.050000,1,1,True,0.000,ticker in title,General,Maruti Suzuki inks pact with Tamil Nadu govt to automate driving test tracks across the state,
BEWLTD,BEW ENGINEERING LIMITED,1.0,1.050000,1,1,False,106.000,~5.7% mcap impact; no exact ticker,General,Chennai-based Trusted Aerospace Engineering acquires US’ Joined Alloys for ₹106 crore,
AJMERA,AJMERA REALTY & INFRA INDIA LIMITED,1.0,1.025000,1,1,True,0.000,ticker in title,General,"Dhaval Ajmera, the Lazy Ironman, on building skyscrapers and stamina",
SUPREME,SUPREME HOLDINGS & HOSPITALITY (INDIA) LIMITED,1.0,1.025000,1,1,True,0.000,Regulatory; ticker in title,Regulatory,"Supreme Court seeks Centre, SEBI response on Sahara plea to sell 88 properties to Adani",
SUPREME,SUPREME HOLDINGS & HOSPITALITY (INDIA) LIMITED,1.0,1.025000,1,1,True,0.000,Regulatory; ticker in title,Regulatory,"Supreme Court seeks Centre, Sebi response on Sahara’s plea to sell 88 properties to Adani Group",
GOENKA,GOENKA DIAMOND AND JEWELS LIMITED,1.0,1.017906,1,1,True,0.000,ticker in title,General,FICCI names Anant Goenka as President-Elect for 2025-26,
IT,KOTAK NIFTY IT ETF,1.0,1.008987,1,1,True,0.132,~₹0.1 Cr; ticker in title,General,"THIS 32-year-old billionaire leads with 13.22 lakh LinkedIn followers. It's not Alakh Pandey, nor Meesho's Vidit Aatrey",
TCS,TATA CONSULTANCY SERVICES LIMITED,1.0,1.008253,1,1,True,650.000,~0.1% mcap impact; ticker in title,General,TCS' $6.5 billion gamble: Building the data factories that could define India’s AI,
NUVAMA,NUVAMA WEALTH MANAGEMENT LIMITED,1.0,1.001673,1,1,True,0.000,ticker in title,General,Diwali 2025 Picks: Nuvama selects 5 technically strong stocks poised for upside this Samvat 2082,
SWIGGY,SWIGGY LIMITED,1.0,1.000000,1,1,True,0.000,ticker in title,General,Stock to buy today: Swiggy (₹440.20) – BUY,
ZAGGLE,ZAGGLE PREPAID OCEAN SERVICES LIMITED,1.0,1.000000,1,1,True,0.000,ticker in title,General,Zaggle ropes in Ayush Mhatre as brand ambassador,
IREDA,INDIAN RENEWABLE ENERGY DEVELOPMENT AGENCY LIMITED,1.0,1.000000,1,1,True,0.000,Results/metrics; ticker in title,Results/metrics,IREDA shares slip nearly 3% a day after Q2 results as investors book profits,
SGL,STL GLOBAL LIMITED,1.0,0.914812,1,1,False,4190.000,Order/contract; ~50.0% mcap impact; no exact ticker,Order/contract,‘Global spice industry projected to reach $41.9 billion by 2033’,
BFINVEST,BF INVESTMENT LIMITED,1.0,0.914812,1,1,False,141.000,~7.9% mcap impact; no exact ticker,General,QRG Investments offloads 3.4% stake in Awfis for ₹141 crore; HSBC MF steps in,
SIGNPOST,SIGNPOST INDIA LIMITED,1.0,0.914812,1,1,False,120.000,Order/contract; ~9.2% mcap impact; no exact ticker,Order/contract,Infosys wins £1.2 billion NHS contract; signals revival for Indian IT,
AWFIS,AWFIS SPACE SOLUTIONS LIMITED,1.0,0.800000,1,1,True,0.000,ticker in title,General,"Stocks to watch today: Lemon Tree, Zomato, Ola, Kirloskar Ferrous, Anant Raj, Awfis and more in spotlight",
TATAMOTORS,TATA MOTORS LIMITED,1.0,0.735034,1,1,False,0.670,IPO/listing; ~0.0% mcap impact; no exact ticker,IPO/listing,"Tata Motors demerger: Listing date, share price and what's next for 67 lakh shareholders",
BSE500IETF,ICICI PRUDENTIAL BSE 500 ETF,1.0,0.735000,1,1,False,0.000,no exact ticker,General,From Tatas to Adanis: Why ICICI Prudential is backing India’s conglomerates for long-term wealth creation,
CYIENTDLM,CYIENT DLM LIMITED,1.0,0.735000,1,1,False,0.000,Results/metrics; no exact ticker,Results/metrics,Cyient DLM shares in focus after Q2 profit more than doubles despite revenue decline,
V2RETAIL,V2 RETAIL LIMITED,1.0,0.717500,1,1,False,0.000,no exact ticker,General,Chasing higher returns: RBI’s Retail Direct platform sees healthy retail investor interest,
UMAEXPORTS,UMA EXPORTS LIMITED,1.0,0.717500,1,1,False,0.000,no exact ticker,General,Cupid bags Maharashtra State Exports award,
IRMENERGY,IRM ENERGY LIMITED,1.0,0.717500,1,1,False,0.000,no exact ticker,General,"MCX India, BGR Energy and 2 other stocks that witnessed 5-year swing high breakout",
M&M,MAHINDRA & MAHINDRA LIMITED,1.0,0.708371,1,1,False,0.000,Results/metrics; no exact ticker,Results/metrics,"Tech Mahindra posts modest revenue growth, but margins hit new high",
M&M,MAHINDRA & MAHINDRA LIMITED,1.0,0.708371,1,1,False,0.000,Results/metrics; no exact ticker,Results/metrics,"Tech Mahindra Q2 net profit down, revenue grows 5%",
M&M,MAHINDRA & MAHINDRA LIMITED,1.0,0.708371,1,1,False,0.000,Results/metrics; no exact ticker,Results/metrics,"Tech Mahindra shares shed 2% as Q2 PAT falls 4% YoY. Should you buy, sell or hold?",
M&M,MAHINDRA & MAHINDRA LIMITED,1.0,0.708371,1,1,False,0.000,no exact ticker,General,"IREDA, Tech Mahindra among 8 stocks showing bullish RSI upswing",
AXISCADES,AXISCADES TECHNOLOGIES LIMITED,1.0,0.700000,1,1,False,0.000,Results/metrics; no exact ticker,Results/metrics,"Q2 Results Live Today: Axis Bank, IRFC, HDFC AMC, HBD Financial, Tata Comm, KEI Ind, Angel One, L&T finance, HDFC Life to announce Q2 results, Tech Mahindra, BoM, IREDA shares in focus",
DCXINDIA,DCX SYSTEMS LIMITED,1.0,0.700000,1,1,False,0.000,Results/metrics; no exact ticker,Results/metrics,Persistent Systems shares jump 7% on strong Q2 earnings; brokers raise target prices,
DCXINDIA,DCX SYSTEMS LIMITED,1.0,0.700000,1,1,False,0.000,Results/metrics; no exact ticker,Results/metrics,Persistent Systems shares rally 6% after 45% YoY surge in Q2 PAT. What brokerages say?,
TATACOMM,TATA COMMUNICATIONS LIMITED,1.0,0.700000,1,1,False,0.000,M&A/JV; no exact ticker,M&A/JV,Tata Motors commences trade after demerger,
TATACOMM,TATA COMMUNICATIONS LIMITED,1.0,0.700000,1,1,False,0.000,M&A/JV; no exact ticker,M&A/JV,Tata Motors commercial vehicle shares valued at Rs 261 following demerger. What are analysts saying?,
SGL,STL GLOBAL LIMITED,1.0,0.609875,1,1,False,0.000,no exact ticker,General,ReNew Global promoters offer higher price to delist co from Nasdaq,
SGL,STL GLOBAL LIMITED,1.0,0.609875,1,1,False,0.000,no exact ticker,General,LT Foods to acquire Hungary-based Global Green Europe Kft,
SGL,STL GLOBAL LIMITED,1.0,0.609875,1,1,False,0.000,Management; no exact ticker,Management,"LG Electronics to deepen roots in India: William Cho, Global CEO",
TRU,TRUCAP FINANCE LIMITED,1.0,0.609875,1,1,False,0.000,no exact ticker,General,"Trump warns US may cut China trade, including cooking oil, over soybean dispute",
DCMFINSERV,DCM FINANCIAL SERVICES LIMITED,1.0,0.609875,1,1,False,0.000,Results/metrics; no exact ticker,Results/metrics,"Public sector banks outperform private peers in credit growth, says  Financial Services Secretary Nagaraju",
SIL,STANDARD INDUSTRIES LIMITED,1.0,0.609875,1,1,False,0.000,no exact ticker,General,Silver soars to record high of $53/oz as supply shortage surges across the globe,
SIL,STANDARD INDUSTRIES LIMITED,1.0,0.609875,1,1,False,0.000,no exact ticker,General,Gold's poor cousin crowned 2025's richest! Silver ETFs just doubled money and the rally isn't over yet,
IBLFL,IBL FINANCE LIMITED,1.0,0.595000,1,1,False,0.000,no exact ticker,General,Broker’s call: Sundaram Finance (Add),
BALPHARMA,BAL PHARMA LIMITED,1.0,0.595000,1,1,False,0.000,no exact ticker,General,Roche moves Supreme Court against Natco Pharma over sale of generic Risdiplam in India,
ZENTEC,ZEN TECHNOLOGIES LIMITED,1.0,0.595000,1,1,False,0.000,Results/metrics; no exact ticker,Results/metrics,Thyrocare Technologies shares soar 16% to fresh 52-week high after Q2 PAT grows 82% YoY,
INDIAMART,INDIAMART INTERMESH LIMITED,1.0,0.595000,1,1,False,0.000,no exact ticker,General,"MCX India, IREDA and 4 other F&O stocks saw a high increase in futures open interest",
ZEEL,ZEE ENTERTAINMENT ENTERPRISES LIMITED,1.0,0.595000,1,1,False,0.000,no exact ticker,General,"TCS, Google Cloud ink pact to integrate Gemini Enterprise for workforce and customers",
IT,KOTAK NIFTY IT ETF,1.0,0.510000,1,1,False,0.000,no exact ticker,General,"IIT-Madras Pravartak, BodhBridge launch free entrepreneurship training programmes",
STCINDIA,THE STATE TRADING CORPORATION OF INDIA LIMITED,1.0,0.502250,1,1,False,0.000,no exact ticker,General,HDFC Life Share Price Live Updates: HDFC Life Current Trading Status,
