ticker,company_name,combined_score,adj_score,articles,dups,has_word,amt_cr,reason,event_type,top_title,top_source
WIPRO,WIPRO LIMITED,1.0,1.129149,1,1,True,3246.000,Results/metrics; ~1.3% mcap impact; ticker in title,Results/metrics,"Wipro Q2 net profit inches up to ₹3,246 cr; revenue rises 1.7% to ₹22,697 crore",
CCCL,CONSOLIDATED CONSTRUCTION CONSORTIUM LIMITED,1.0,1.070666,1,1,False,842.000,Dividend/return; ~50.0% mcap impact; no exact ticker,Dividend/return,"Waaree Energies Q2 Results: Cons PAT skyrockets 133% YoY to Rs 842 crore, revenue surges 70%. Check dividend",
CCCL,CONSOLIDATED CONSTRUCTION CONSORTIUM LIMITED,1.0,1.070666,1,1,False,3246.000,Results/metrics; ~50.0% mcap impact; no exact ticker,Results/metrics,"Wipro Q2 Results: Cons PAT rises 1.2% YoY to Rs 3,246 crore, misses Street estimates",
CCCL,CONSOLIDATED CONSTRUCTION CONSORTIUM LIMITED,1.0,1.070666,1,1,False,1401.000,Results/metrics; ~50.0% mcap impact; no exact ticker,Results/metrics,"LTIMindtree Q2 Results: Cons PAT jumps 12% YoY to Rs 1,401 crore, revenue up 10%",
CCCL,CONSOLIDATED CONSTRUCTION CONSORTIUM LIMITED,1.0,1.070666,1,1,False,695.000,Results/metrics; ~50.0% mcap impact; no exact ticker,Results/metrics,"Jio Financial Q2 Results: Cons PAT up marginally YoY at Rs 695 crore, revenue surges 41%",
CCCL,CONSOLIDATED CONSTRUCTION CONSORTIUM LIMITED,1.0,1.070666,1,1,False,76.000,Results/metrics; ~7.2% mcap impact; no exact ticker,Results/metrics,"Zee Entertainment Q2 Results: Cons net profit falls 63% YoY to Rs 76 crore, revenue down 2%",
CRAFTSMAN,CRAFTSMAN AUTOMATION LIMITED,1.0,1.052233,1,1,True,0.000,ticker in title,General,Craftsman Automation starts commercial operations at its new facility in Hosur,
TAC,TAC INFOSEC LIMITED,1.0,1.050000,1,1,True,0.000,Results/metrics; ticker in title,Results/metrics,Vijay Kedia-backed TAC InfoSec hits 5% upper circuit as PAT surges 138% YoY,
ADOR,ADOR WELDING LIMITED,1.0,1.050000,1,1,True,0.000,ticker in title,General,Broker’s call: Ador Welding (Hold),
RELIANCE,RELIANCE INDUSTRIES LIMITED,1.0,1.019547,1,1,True,0.000,Results/metrics; ticker in title,Results/metrics,"Reliance Q2 earnings: Investors have been patient, will Mukesh Ambani reward them?",
SURAKSHA,SURAKSHA DIAGNOSTIC LIMITED,1.0,1.013593,1,1,True,0.000,ticker in title,General,AP govt rolls out Suraksha App to check supply of illicit liquor,
ETERNAL,ETERNAL LIMITED,1.0,1.002090,1,1,True,65.000,Results/metrics; ~0.0% mcap impact; ticker in title,Results/metrics,Eternal Q2 Results: Profit falls 63% to Rs 65 cr; revenue jumps 183%,
ETERNAL,ETERNAL LIMITED,1.0,1.002090,1,1,True,65.000,Results/metrics; ~0.0% mcap impact; ticker in title,Results/metrics,"Eternal Q2 Results: Zomato parent's PAT plunges 63% YoY to Rs 65 crore, but revenue soars 183%",
SHAH,SHAH METACORP LIMITED,1.0,1.000000,1,1,True,0.000,ticker in title,General,States must set up units to track and repatriate fugitives: Amit Shah,
URBAN,URBAN ENVIRO WASTE MANAGEMENT LIMITED,1.0,1.000000,1,1,True,0.000,ticker in title,General,"Urban India's spending appetite is back, but cautious",
IDBI,IDBI BANK LIMITED,1.0,1.000000,1,1,True,0.000,M&A/JV; ticker in title,M&A/JV,"Emirates NBD shuns IDBI Bank acquisition plan, likely to acquire major stake in RBL",
IT,KOTAK NIFTY IT ETF,1.0,1.000000,1,1,True,0.000,ticker in title,General,"Ola launches first ‘non-vehicle’ product ‘Shakti’— It's neither HomePod, nor inverter. What is it?",
MRPL,MANGALORE REFINERY AND PETROCHEMICALS LIMITED,1.0,1.000000,1,1,True,0.000,ticker in title,General,MRPL looking at buying crudes available at a discount: MD,
MRPL,MANGALORE REFINERY AND PETROCHEMICALS LIMITED,1.0,1.000000,1,1,True,0.000,ticker in title,General,"MRPL seeks cheaper oil amid US pressure, hopes to keep buying Russian",
STANLEY,STANLEY LIFESTYLES LIMITED,1.0,1.000000,1,1,True,0.000,Results/metrics; ticker in title,Results/metrics,"Morgan Stanley equity traders score record quarter, eclipsing Goldman Sachs",
SWIGGY,SWIGGY LIMITED,1.0,1.000000,1,1,True,0.000,ticker in title,General,"Dhanteras 2025: Swiggy Instamart to deliver 1 kg silver bricks, up to 10 gram gold to your doorstep in select cities",
ETERNAL,ETERNAL LIMITED,1.0,1.000000,1,1,True,0.000,ticker in title,General,Gainers & Losers: Eternal & Ola Electric among 6 stocks that moved the most on Thursday,
ETERNAL,ETERNAL LIMITED,1.0,1.000000,1,1,True,0.000,Results/metrics; ticker in title,Results/metrics,Online platform Eternal posts sequential rise in quarterly profit,
ETERNAL,ETERNAL LIMITED,1.0,1.000000,1,1,True,0.000,Results/metrics; ticker in title,Results/metrics,"Eternal net profit declines 63%, revenues surge",
ETERNAL,ETERNAL LIMITED,1.0,1.000000,1,1,True,0.000,Results/metrics; ticker in title,Results/metrics,Eternal shares fall 4% after Q2 results. 10 things team Deepinder Goyal said in shareholders’ letter,
WIPRO,WIPRO LIMITED,1.0,1.000000,1,1,True,0.000,ticker in title,General,Wipro says limited impact from H-1B visa changes,
WIPRO,WIPRO LIMITED,1.0,1.000000,1,1,True,0.000,Results/metrics; ticker in title,Results/metrics,"Wipro Q2 revenue, profit see muted growth amid macro headwinds",
WIPRO,WIPRO LIMITED,1.0,1.000000,1,1,True,0.000,Results/metrics; ticker in title,Results/metrics,"Wipro Q2 results: Profit rises 1.2%, misses street view; AI bets ahead",
TVVISION,TV VISION LIMITED,1.0,0.907646,1,1,False,1226.000,Results/metrics; ~50.0% mcap impact; no exact ticker,Results/metrics,"IOB Q2 Results: Profit jumps 58% YoY to Rs 1,226 crore as provisions drop",
IRMENERGY,IRM ENERGY LIMITED,1.0,0.878335,1,1,False,30.000,~2.2% mcap impact; no exact ticker,General,Shyam Metalics and Energy plans to double export revenue to $300 million by 2031,
TATACOMM,TATA COMMUNICATIONS LIMITED,1.0,0.821390,1,1,False,650.000,~1.2% mcap impact; no exact ticker,General,Tata Communications eyes tie-up with TCS on $6.5 billion data centre push,
TATASTEEL,TATA STEEL LIMITED,1.0,0.753375,1,1,False,0.000,no exact ticker,General,'Expanding opportunities': Tata Steel to include female staff in all three shifts at Jamshedpur plant,
BAJAJFINSV,BAJAJ FINSERV LIMITED,1.0,0.740663,1,1,False,0.000,no exact ticker,General,"Samvat 2082: Bajaj Finserv AMC’s Nimesh Chandan says market like a coiled spring, poised for a rerating",
AIRTELPP,BHARTI AIRTEL LIMITED,1.0,0.735000,1,1,False,0.000,no exact ticker,General,"Top gainers & losers today, 16 October: Kotak Bank, Titan, Axis Bank lead rally; Infosys, Bharti Airtel edge lower",
V2RETAIL,V2 RETAIL LIMITED,1.0,0.717500,1,1,False,0.000,no exact ticker,General,"Mall giants Nexus, Phoenix, DLF, K Raheja and Lakeshore to control 60% of India’s organised retail space: ANAROCK",
IRMENERGY,IRM ENERGY LIMITED,1.0,0.717500,1,1,False,0.000,no exact ticker,General,Crude oil prices jump 1% after Trump’s India–Russia claim: What it means for Indian energy stocks,
UMAEXPORTS,UMA EXPORTS LIMITED,1.0,0.717500,1,1,False,0.000,no exact ticker,General,"Oilmeal exports flat in H1 2025-26, despite 40% increase in September",
V2RETAIL,V2 RETAIL LIMITED,1.0,0.717500,1,1,False,0.000,Results/metrics; no exact ticker,Results/metrics,"O2C, Jio to boost RIL’s Q2 performance; retail, upstream to be muted",
TATAINVEST,TATA INVESTMENT CORPORATION LIMITED,1.0,0.717500,1,1,False,0.000,M&A/JV; no exact ticker,M&A/JV,Tata Motors shares rise 2%. What should investors do after demerger?,
CHEMBONDCH,CHEMBOND CHEMICALS LIMITED,1.0,0.700000,1,1,False,0.000,M&A/JV; no exact ticker,M&A/JV,Paradeep Phosphates completes merger with Mangalore Chemicals and Fertilizers,
INFY,INFOSYS LIMITED,1.0,0.700000,1,1,False,0.000,Management; no exact ticker,Management,"Does Trump's $100,000 H-1B visa fee hike impact Infosys? Here's what CEO Salil Parekh says — ‘We reached out to…’",
BEWLTD,BEW ENGINEERING LIMITED,1.0,0.700000,1,1,False,0.000,no exact ticker,General,Broker’s call: Elecon Engineering (Buy),
IOC,INDIAN OIL CORPORATION LIMITED,1.0,0.700000,1,1,False,0.000,no exact ticker,General,SpiceJet expands connectivity to Bihar ahead of Chhath Puja and Diwali from key Indian cities,
CYIENTDLM,CYIENT DLM LIMITED,1.0,0.700000,1,1,False,0.000,Results/metrics; no exact ticker,Results/metrics,"Cyient Q2 profit drops 40% YoY amid wage hikes, seasonal headwinds",
EXCEL,EXCEL REALTY N INFRA LIMITED,1.0,0.609875,1,1,False,0.000,no exact ticker,General,Tata Power launches Solar Skill Centres of Excellence in Tamil Nadu,
TRU,TRUCAP FINANCE LIMITED,1.0,0.609875,1,1,False,0.000,no exact ticker,General,Trump claims Modi assured India will stop buying Russian oil,
TRU,TRUCAP FINANCE LIMITED,1.0,0.609875,1,1,False,0.000,no exact ticker,General,Will Trump's H-1B visa fee hike impact Wipro? Here's what IT giant's HR chief says,
SIL,STANDARD INDUSTRIES LIMITED,1.0,0.609875,1,1,False,0.000,no exact ticker,General,Silver's great disconnect: MCX prices soar but ETFs crash 8%. What's really happening?,
CCCL,CONSOLIDATED CONSTRUCTION CONSORTIUM LIMITED,1.0,0.606711,1,1,False,0.000,no exact ticker,General,Consumer durables firms ring in chartbuster Diwali; sales surge up to 45% after GST cuts,
CCCL,CONSOLIDATED CONSTRUCTION CONSORTIUM LIMITED,1.0,0.606711,1,1,False,0.000,no exact ticker,General,"UnearthIQ, Smartworks partner to provide consultancy services for GCC clients",
