ticker,company_name,combined_score,adj_score,articles,dups,has_word,amt_cr,reason,event_type,top_title,top_source
IT,KOTAK NIFTY IT ETF,1.0,0.510000,6,1,False,0.000,Order/contract; no exact ticker; livemint,Order/contract,How many banking deals have been struck in Italy in the past year?,www.livemint.com
GLENMARK,GLENMARK PHARMACEUTICALS LIMITED,0.4293907000483136,0.461392,2,1,True,1.800,Order/contract; ~₹1.8 Cr; ticker in title,Order/contract,Glenmark inks $18 million deal for cancer drug with China’s Hengrui,www.livemint.com
COROMANDEL,COROMANDEL INTERNATIONAL LIMITED,0.33189020560062105,0.331890,1,1,True,0.000,ticker in title; thehindubusinessline,General,"Coromandel, Veolia sign pact to expand desalination plant in Vizag",www.thehindubusinessline.com
POLYCAB,POLYCAB INDIA LIMITED,0.19198543634575735,0.300644,1,1,True,887.000,Order/contract; ~₹887 Cr; ticker in title,Order/contract,Polycab India block deal: Promoters likely to sell 0.8% stake worth Rs 887 crore on Thursday: Report,economictimes.indiatimes.com
BEL,BHARAT ELECTRONICS LIMITED,0.2624310152727286,0.249309,1,1,True,0.000,ticker in title; thehindubusinessline,General,"L&T, BEL join hands to bid for building India’s 5th-generation fighter jet",www.thehindubusinessline.com
SIRCA,SIRCA PAINTS INDIA LIMITED,0.23166843823669384,0.243252,1,1,True,0.000,ticker in title; thehindubusinessline,General,Broker’s call: Sirca Paints (Buy),www.thehindubusinessline.com
CRISIL,CRISIL LIMITED,0.23188711538662124,0.231887,1,1,True,0.000,ticker in title; thehindubusinessline,General,Crisil to acquire McKinsey PriceMetrix Co,www.thehindubusinessline.com
CESC,CESC LIMITED,0.16284086300628225,0.230110,1,1,True,300.000,~₹300 Cr; ticker in title; economictimes,General,CESC raises Rs 300 cr via NCDs,economictimes.indiatimes.com
ATUL,ATUL LIMITED,0.19445356900160166,0.194454,1,1,True,0.000,Order/contract; ticker in title; livemint,Order/contract,GPT Infraprojects board elevates Atul Tantia to Joint MD & CFO; Om Tantia appointed as new chairman,www.livemint.com
ARABIAN,ARABIAN PETROLEUM LIMITED,0.18153138529387017,0.181531,1,1,True,0.000,ticker in title; economictimes,General,"Saudi Arabian stock index jump 5%, most in 5 years on report of easing of foreign ownership rules",economictimes.indiatimes.com
CONS,KOTAK NIFTY INDIA CONSUMPTION ETF,0.30123469270320985,0.179235,1,1,False,0.000,no exact ticker; livemint,General,India’s Top Utility Considers Bulk Purchase of Nuclear Reactors,www.livemint.com
CROWN,CROWN LIFTERS LIMITED,0.17524487465140945,0.175245,1,1,True,0.000,ticker in title; thehindubusinessline,General,"Logistics giant Crown expands in India with 57,000 sq ft Ramasandra facility",www.thehindubusinessline.com
WEALTH,WEALTH FIRST PORTFOLIO MANAGERS LIMITED,0.24237286024271285,0.169661,1,1,True,0.000,ticker in title; thehindubusinessline,General,"Wealth Company MF launches NFOs in flexi cap, arbitrage, ethical, liquid funds",www.thehindubusinessline.com
EPACK,EPACK DURABLE LIMITED,0.34427115197117886,0.160608,1,2,True,0.000,IPO/listing; ticker in title; dedup x2,IPO/listing,Epack Prefab Technologies IPO: Issue subscribed 30% on Day 1. Check GMP and other key details,economictimes.indiatimes.com
LT,LARSEN & TOUBRO LIMITED,0.31255712290969007,0.159404,1,1,False,0.000,M&A/JV; no exact ticker; thehindubusinessline,M&A/JV,NCLT approves merger of Piramal Enterprises with Piramal Finance; Anand Piramal named chairman,www.thehindubusinessline.com
EDELWEISS,EDELWEISS FINANCIAL SERVICES LIMITED,0.23920803717197728,0.157694,1,2,True,300.000,~₹300 Cr; ticker in title; dedup x2,General,Edelweiss Financial Services launches Rs 300 crore NCD issue with 10.25% yield,economictimes.indiatimes.com
OIL,OIL INDIA LIMITED,0.15272886386072299,0.152729,2,1,True,0.000,Order/contract; ticker in title; livemint,Order/contract,Oil Firms Agree Deal With Iraq to Resume Kurdistan Exports,www.livemint.com
IDEA,VODAFONE IDEA LIMITED,0.23060953399517717,0.137213,1,1,False,0.000,M&A/JV; no exact ticker; economictimes,M&A/JV,IdeaForge shares jump over 5% from day’s low on JV with US firm to manufacture drones,economictimes.indiatimes.com
MAGNUM,MAGNUM VENTURES LIMITED,0.24241005673577504,0.135750,1,1,True,0.000,ticker in title; thehindubusinessline,General,SBI launches first SIF Magnum Hybrid Long Short Fund,www.thehindubusinessline.com
RICHA,RICHA INFO SYSTEMS LIMITED,0.22003216466620115,0.130919,1,1,False,0.000,no exact ticker; thehindubusinessline,General,Bajaj Electricals acquire Morphy Richard’s brand rights,www.thehindubusinessline.com
SCI,SHIPPING CORPORATION OF INDIA LIMITED,0.21598122049810997,0.128509,2,1,False,0.000,no exact ticker; thehindubusinessline,General,Scientists find stem rot resistance genes,www.thehindubusinessline.com
KEL,KUNDAN EDIFICE LIMITED,0.20960341555284415,0.124714,1,1,False,0.000,no exact ticker; livemint,General,From Anna Salai to Dalal Street: How Arihant won Sacheti and Kela,www.livemint.com
OLECTRA,OLECTRA GREENTECH LIMITED,0.11023712442641596,0.115749,1,1,True,0.000,ticker in title; thehindubusinessline,General,Mahesh Babu Subramanian is new MD of Olectra Greentech,www.thehindubusinessline.com
LODHA,LODHA DEVELOPERS LIMITED,0.11010389278880683,0.115609,1,1,True,0.000,ticker in title; livemint,General,Who is Rajendra Lodha? Ex-director of Lodha Developers arrested in alleged fraud,www.livemint.com
DRONE,DRONE DESTINATION LIMITED,0.11433691025395439,0.114337,1,1,True,0.000,ticker in title; livemint,General,Russia Black Sea Oil Ports Pause Loadings After Drone Alerts,www.livemint.com
GLOBAL,GLOBAL EDUCATION LIMITED,0.4643153245909175,0.110471,3,2,True,0.000,ticker in title; dedup x2; thehindubusinessline,General,HSBC Global expects Sensex to hit 96k by next year-end,www.thehindubusinessline.com
STAR,STRIDES PHARMA SCIENCE LIMITED,0.30239775916311656,0.107956,1,1,False,0.000,no exact ticker; thehindubusinessline,General,‘Startup Singam’ makers Baanhem Ventures raises second round of funding from marquee  investors,www.thehindubusinessline.com
BANG,BANG OVERSEAS LIMITED,0.18102083809965144,0.107707,1,1,False,0.000,no exact ticker; thehindubusinessline,General,"High prices deter importers of Bangladeshi hilsa, the ‘Queen of Fish’",www.thehindubusinessline.com
SERVICE,SERVICE CARE LIMITED,0.2719893891774733,0.106686,2,2,False,300.000,~₹300 Cr; no exact ticker; dedup x2,General,Edelweiss Financial Services launches Rs 300 crore NCD issue with 10.25% yield,economictimes.indiatimes.com
RETAIL,JHS SVENDGAARD RETAIL VENTURES LIMITED,0.1778811384983092,0.100547,1,1,False,0.000,Results/metrics; no exact ticker; thehindubusinessline,Results/metrics,Retailers see double-digit growth this festival season with GST cuts boosting sales,www.thehindubusinessline.com
MCX,MULTI COMMODITY EXCHANGE OF INDIA LIMITED,0.09323198045235385,0.097894,1,1,True,0.000,ticker in title; economictimes,General,"Commodity Talk: MCX crude oil consolidating within a bearish triangle pattern. Should you buy, sell or hold?",economictimes.indiatimes.com
TECH,ADITYA BIRLA SUN LIFE MUTUAL FUND - ADITYA BIRLA SUN LIFE NIFTY IT ETF,0.3442711185855907,0.095562,1,2,False,0.000,IPO/listing; no exact ticker; dedup x2,IPO/listing,Epack Prefab Technologies IPO: Issue subscribed 30% on Day 1. Check GMP and other key details,economictimes.indiatimes.com
BIL,BHARTIYA INTERNATIONAL LIMITED,0.14053987990186476,0.083621,1,1,False,0.000,no exact ticker; livemint,General,Billionaire Salinas Briefly Threatened With Arrest in AT&T Suit,www.livemint.com
TI,TILAKNAGAR INDUSTRIES LIMITED,0.15715691847844102,0.080150,1,1,False,0.000,no exact ticker; economictimes,General,Investment TIPS: Why Ray Dalio prefers inflation-protected govt bonds over zero-sum game equities?,economictimes.indiatimes.com
STEL,STEL HOLDINGS LIMITED,0.11521200254940567,0.068551,1,1,False,0.000,no exact ticker; livemint,General,Stellantis to Pause Production at Plants Due to Weak Demand,www.livemint.com
SBC,SBC EXPORTS LIMITED,0.24157146576553443,0.067055,1,2,False,0.000,no exact ticker; dedup x2; thehindubusinessline,General,HSBC Global expects Sensex to hit 96k by next year-end,www.thehindubusinessline.com
PAR,PAR DRUGS AND CHEMICALS LIMITED,0.1955066206166461,0.054268,1,2,False,0.000,no exact ticker; dedup x2; economictimes,General,"Autos, IT and Metals: Parag Thakkar’s sectoral playbook for investors",economictimes.indiatimes.com
MOS,MOS UTILITY LIMITED,0.09031945127646679,0.053740,1,1,False,0.000,no exact ticker; livemint,General,The AI Threat to Europes Most Valuable Software Company,www.livemint.com
TRUST,TRUST FINTECH LIMITED,0.18370400434427445,0.050992,1,2,False,0.000,no exact ticker; dedup x2; livemint,General,Vijay Singh’s forced exit at Tata Sons bares a deep divide at Tata Trusts,www.livemint.com
MIDCAP,KOTAK NIFTY MIDCAP 50 ETF,0.09294308054084285,0.043359,1,2,True,0.000,Results/metrics; ticker in title; dedup x2,Results/metrics,Midcap Momentum: 7 stocks reporting rising EPS for 4 consecutive quarters,economictimes.indiatimes.com
MOMENTUM,ADITYA BIRLA SUN LIFE MUTUAL FUND - ADITYA BIRLA SUN LIFE NIFTY 200 MO,0.09294308054084285,0.043359,1,2,True,0.000,Results/metrics; ticker in title; dedup x2,Results/metrics,Midcap Momentum: 7 stocks reporting rising EPS for 4 consecutive quarters,economictimes.indiatimes.com
METAL,MIRAE ASSET MUTUAL FUND - MIRAE ASSET NIFTY METAL ETF,0.13618255740502763,0.037801,1,2,False,0.000,no exact ticker; dedup x2; economictimes,General,"Autos, IT and Metals: Parag Thakkar’s sectoral playbook for investors",economictimes.indiatimes.com
TRU,TRUCAP FINANCE LIMITED,0.10684549283244171,0.029658,2,2,False,0.000,no exact ticker; dedup x2; livemint,General,Vijay Singh’s forced exit at Tata Sons bares a deep divide at Tata Trusts,www.livemint.com
KEN,KEN ENTERPRISES LIMITED,0.0,0.000000,1,1,False,0.000,no exact ticker; livemint,General,Tylenol Maker Kenvue Faces Mounting Crisis After Trump Blast,www.livemint.com
