ticker,company_name,combined_score,adj_score,articles,dups,has_word,amt_cr,reason,event_type,top_title,top_source
CHANDAN,CHANDAN HEALTHCARE LIMITED,1.0,1.122967,1,1,True,104.000,~₹104 Cr; ticker in title,General,Chandan Healthcare board approves ₹104 crore fund raise via preferential issue,
V2RETAIL,V2 RETAIL LIMITED,1.0,1.076250,1,1,False,1000.000,~12.2% mcap impact; no exact ticker,General,Apparel maker Cantabil Retail eyes reveues of ₹1000 crore by FY27,
ONGC,OIL & NATURAL GAS CORPORATION LIMITED,1.0,1.067789,1,1,True,0.000,Results/metrics; ticker in title,Results/metrics,"ONGC eyes cost optimization as subdued oil prices, maturing fields threaten profits",
IDEA,VODAFONE IDEA LIMITED,1.0,1.054088,1,1,True,0.000,ticker in title,General,Vodafone Idea shares slide 2% after Supreme Court defers AGR plea hearing,
IDEA,VODAFONE IDEA LIMITED,1.0,1.054088,1,1,True,0.000,ticker in title,General,SC defers till Oct 27 hearing on plea of Vodafone Idea for quashing additional AGR demand,
IDEA,VODAFONE IDEA LIMITED,1.0,1.054088,1,1,True,0.000,ticker in title,General,Vodafone Idea case deferred a fourth time—to be taken up after Diwali. Shares fall.,
SUPREME,SUPREME HOLDINGS & HOSPITALITY (INDIA) LIMITED,1.0,1.025000,1,1,True,0.000,Order/contract; ticker in title,Order/contract,"Karur stampede: Supreme Court's order for CBI probe can be cancelled, says DMK",
MCX,MULTI COMMODITY EXCHANGE OF INDIA LIMITED,1.0,1.025000,1,1,True,0.000,ticker in title,General,Broker’s call: MCX (Buy),
LIBAS,LIBAS CONSUMER PRODUCTS LIMITED,1.0,1.003166,1,1,True,0.000,ticker in title,General,Festive season pricing not a race to the bottom: Libas’ Nisha Khatri,
TCS,TATA CONSULTANCY SERVICES LIMITED,1.0,1.002192,1,1,True,0.000,Management; ticker in title,Management,H-1B visa crackdown not an existential threat to TCS; CEO Krithivasan says firm 'can survive',
PARAMOUNT,PARAMOUNT DYE TEC LIMITED,1.0,1.000000,1,1,True,0.000,ticker in title,General,"Warner Bros rejected Paramount's ‘too low’ $20/share takeover offer, says report",
CAMPUS,CAMPUS ACTIVEWEAR LIMITED,1.0,1.000000,1,1,True,0.000,ticker in title,General,Sam Altman-backed edtech startup Campus acquires former Meta VP's Sizzle AI platform — Here's what we know,
MRF,MRF LIMITED,1.0,1.000000,1,1,True,0.000,Order/contract; ticker in title,Order/contract,Serentica Renewables to develop 170 MW hybrid project for MRF,
RELIGARE,RELIGARE ENTERPRISES LIMITED,1.0,1.000000,1,1,True,0.000,M&A/JV; ticker in title,M&A/JV,Religare may absorb arm Care Health via reverse merger,
SWIGGY,SWIGGY LIMITED,1.0,1.000000,1,1,True,0.000,ticker in title,General,Broker’s call: Swiggy (Buy),
HCLTECH,HCL TECHNOLOGIES LIMITED,1.0,1.000000,1,1,True,0.000,Results/metrics; ticker in title,Results/metrics,"HCLTech reports fastest Q2 growth in five years, calls AI revenue in a first",
TECH,ADITYA BIRLA SUN LIFE MUTUAL FUND - ADITYA BIRLA SUN LIFE NIFTY IT ETF,1.0,1.000000,1,1,True,0.000,ticker in title,General,HCL Tech announces big changes to variable pay policy - Who will benefit? When will employees get hike? Details here,
ETERNAL,ETERNAL LIMITED,1.0,1.000000,1,1,True,0.000,ticker in title,General,"Market Trading Guide: Buy Eternal, CDSL and 3 other stocks on Tuesday for up to 10% gains",
WIPRO,WIPRO LIMITED,1.0,1.000000,1,1,True,0.000,Results/metrics; ticker in title,Results/metrics,"Q2FY26 preview: Wipro may see flat revenue, revise lower-end guidance for Q3",
TECHM,TECH MAHINDRA LIMITED,1.0,0.930779,1,1,False,4235.000,Dividend/return; ~3.3% mcap impact; no exact ticker,Dividend/return,"HCL Tech Q2 Results: Profit flat at Rs 4,235 cr, revenue up 11% YoY; Rs 12/share dividend declared",
PAR,PAR DRUGS AND CHEMICALS LIMITED,1.0,0.914812,1,1,False,60.000,~47.7% mcap impact; no exact ticker,General,"EQT scraps Zelestra India sale, brings in O2's Parag Sharma to lead $600 mn push",
PAR,PAR DRUGS AND CHEMICALS LIMITED,1.0,0.914812,1,1,False,165.000,~50.0% mcap impact; no exact ticker,General,Ranjan Pai-backed Esencia Partners buys ₹165 crore Lavelle Road property,
ZENTEC,ZEN TECHNOLOGIES LIMITED,1.0,0.892500,1,1,False,4235.000,Dividend/return; ~33.8% mcap impact; no exact ticker,Dividend/return,"HCL Technologies Q2 Results: Cons PAT flat at Rs 4,235 crore, revenue up 11% YoY. Rs 12/share dividend announced",
BFINVEST,BF INVESTMENT LIMITED,1.0,0.757130,1,1,False,10.000,~0.6% mcap impact; no exact ticker,General,Accel-backed chemicals startup Scimplify eyes up to $100 million investment to expand overseas operations,
ASIANPAINT,ASIAN PAINTS LIMITED,1.0,0.753375,1,1,False,0.000,no exact ticker,General,"Supreme Court refuses to hear Asian Paints’ plea against competition commission probe, allows firm to withdraw petition",
ANANDRATHI,ANAND RATHI WEALTH LIMITED,1.0,0.745093,1,1,False,0.000,Results/metrics; no exact ticker,Results/metrics,Anand Rathi Wealth Q2 profit surges 31%,
ADANIPORTS,ADANI PORTS AND SPECIAL ECONOMIC ZONE LIMITED,1.0,0.738662,1,1,False,0.000,no exact ticker,General,"UK’s Investec initiates coverage on Adani Ports, sees up to 23% upside",
BSE500IETF,ICICI PRUDENTIAL BSE 500 ETF,1.0,0.735000,1,1,False,0.000,no exact ticker,General,"Curie Money, ICICI Prudential AMC partner for instant redemption with UPI",
TATAMOTORS,TATA MOTORS LIMITED,1.0,0.735000,1,1,False,0.000,M&A/JV; no exact ticker,M&A/JV,Tata Motors demerger: Stock slides 7% in 7 days. Will the restructuring spark gains or more volatility?,
UMAEXPORTS,UMA EXPORTS LIMITED,1.0,0.717500,1,1,False,0.000,no exact ticker,General,"Talegaon plant preps Hyundai for exports, multi-model production",
V2RETAIL,V2 RETAIL LIMITED,1.0,0.717500,1,1,False,0.000,no exact ticker,General,Retail inflation slows to eight-year low of 1.54% in September 2025,
V2RETAIL,V2 RETAIL LIMITED,1.0,0.717500,1,1,False,0.000,no exact ticker,General,Retail inflation cools to 99-month low at 1.5% in September,
TTKPRESTIG,TTK PRESTIGE LIMITED,1.0,0.717500,1,1,False,0.000,no exact ticker,General,"Butterfly mourns Prestige's TT Jagannathan, hails him as ‘mind that shaped kitchen industry’ | See Facebook post",
POLICYBZR,PB FINTECH LIMITED,1.0,0.700115,1,1,False,1.300,~0.0% mcap impact; no exact ticker,General,AI-powered fintech platform GoodScore raises $13 million in Series A funding led by Peak XV Partners,
IOC,INDIAN OIL CORPORATION LIMITED,1.0,0.700000,1,1,False,0.000,no exact ticker,General,Indian market quietly setting up for the next big bull run; Atul Suri on next 3 mega trends,
TECHM,TECH MAHINDRA LIMITED,1.0,0.700000,1,1,False,0.000,Dividend/return; no exact ticker,Dividend/return,HCL Tech announces 91st straight quarterly dividend at Rs 12 per share as Q2 profit holds steady,
CCCL,CONSOLIDATED CONSTRUCTION CONSORTIUM LIMITED,1.0,0.664573,1,1,False,10.000,~1.0% mcap impact; no exact ticker,General,General Atlantic to lead $100 million round in consumer-lending startup Snapmint,
ZENTEC,ZEN TECHNOLOGIES LIMITED,1.0,0.619687,1,1,False,52.000,~0.4% mcap impact; no exact ticker,General,Chara Technologies raises ₹52 cr to expand rare-earth-free motor manufacturing,
PAR,PAR DRUGS AND CHEMICALS LIMITED,1.0,0.609875,1,1,False,0.000,no exact ticker,General,Kerala to set up ‘Women Industrial Park’ to promote female entrepreneurs,
PAR,PAR DRUGS AND CHEMICALS LIMITED,1.0,0.609875,1,1,False,0.000,no exact ticker,General,"French yields edge up; focus on Paris politics, US tariffs",
TRU,TRUCAP FINANCE LIMITED,1.0,0.609875,1,1,False,0.000,no exact ticker,General,"Dow Jones soars 500 points, Nasdaq, S&P 500 up 1% after Trump cools rhetoric on China",
TRU,TRUCAP FINANCE LIMITED,1.0,0.609875,1,1,False,0.000,no exact ticker,General,"Gold, silver hit record highs after Trump threat of fresh China tariffs",
TRU,TRUCAP FINANCE LIMITED,1.0,0.609875,1,1,False,0.000,no exact ticker,General,"Bitcoin recovers 12% from weekend lows, Ethereum reclaims over $4,100 level post Trump’s China tariff shock",
SIL,STANDARD INDUSTRIES LIMITED,1.0,0.609875,1,1,False,0.000,no exact ticker,General,Silver roars higher on short squeeze as gold rallies to record,
SIL,STANDARD INDUSTRIES LIMITED,1.0,0.609875,1,1,False,0.000,no exact ticker,General,"Commodities hype alert: Silver is next gold, copper next silver... beware investors, warns Gurmeet Chadha",
SIL,STANDARD INDUSTRIES LIMITED,1.0,0.609875,1,1,False,0.000,no exact ticker,General,"Silver prices could rise, but your ETF may not. Here’s why",
SPIC,SOUTHERN PETROCHEMICALS INDUSTRIES CORPORATION  LIMITED,1.0,0.609875,1,1,False,0.000,no exact ticker,General,India hosts 8th session of Codex Committee on Spices and Culinary Herbs in Guwahati,
SGL,STL GLOBAL LIMITED,1.0,0.609875,1,1,False,0.000,no exact ticker,General,"TCS eyes 5G infra market, flags interest from global telcos",
CCCL,CONSOLIDATED CONSTRUCTION CONSORTIUM LIMITED,1.0,0.606711,1,1,False,0.000,no exact ticker,General,"India-Japan work pact to send 50,000 skilled professionals to Japan: Consul-General",
RELIANCE,RELIANCE INDUSTRIES LIMITED,1.0,0.606631,1,1,False,0.119,~0.0% mcap impact; no exact ticker,General,Net direct tax collection rises over 6% to ₹11.89 lakh crore in April-Oct,
