ticker,company_name,combined_score,adj_score,articles,dups,has_word,amt_cr,reason,event_type,top_title,top_source
V2RETAIL,V2 RETAIL LIMITED,1.0,1.076250,1,1,False,3457.000,Results/metrics; ~43.4% mcap impact; no exact ticker,Results/metrics,"Reliance Retail Q2 consolidated profit up 22% at  ₹3,457 crore",
RADICO,RADICO KHAITAN LIMITED,1.0,1.071922,1,1,True,0.000,ticker in title,General,Radico Khaitan expands Morpheus Whisky to four new states,
CCCL,CONSOLIDATED CONSTRUCTION CONSORTIUM LIMITED,1.0,1.070666,1,1,False,1232.000,Results/metrics; ~50.0% mcap impact; no exact ticker,Results/metrics,"UltraTech Cement Q2 results: Cons PAT zooms 75% YoY  to Rs 1,232 crore, net sales jump 21%",
CCCL,CONSOLIDATED CONSTRUCTION CONSORTIUM LIMITED,1.0,1.070666,1,1,False,18165.000,Results/metrics; ~50.0% mcap impact; no exact ticker,Results/metrics,"RIL Q2 Results: Cons PAT jumps 10% YoY to Rs 18,165 crore, revenue rises by 10%, Jio ARPU rises to Rs 211.4",
CONNPLEX,CONNPLEX CINEMAS LIMITED,1.0,1.050000,1,1,True,0.000,ticker in title,General,"Connplex Cinemas opens in Maharashtra, Odisha",
MARUTI,MARUTI SUZUKI INDIA LIMITED,1.0,1.050000,1,1,True,0.000,ticker in title,General,Maruti Suzuki India records highest-ever Dhanteras sales this year,
SOBHA,SOBHA LIMITED,1.0,1.044927,1,1,True,73.000,Results/metrics; ~0.4% mcap impact; ticker in title,Results/metrics,Sobha Q2 FY26 PAT surges 178% to ₹73 cr on strong sales,
RELIANCE,RELIANCE INDUSTRIES LIMITED,1.0,1.019547,1,1,True,0.000,Results/metrics; ticker in title,Results/metrics,Reliance Q2 results: Profit surges 16% as all three engines gain steam,
TCS,TATA CONSULTANCY SERVICES LIMITED,1.0,1.002192,1,1,True,0.000,ticker in title,General,"TCS to retrain 1,00,000 employees every year amid AI-driven changes. Here's what CTO Harrick Vin says",
CURRENT,CURRENT INFRAPROJECTS LIMITED,1.0,1.000000,1,1,True,0.000,ticker in title,General,"Current account deficit likely to stay in check at 1.2-1.5% of GDP, progress on India-US trade talks will be crucial: Report",
BFSI,MIRAE ASSET MUTUAL FUND - MIRAE ASSET NIFTY FINANCIAL SERVICES ETF,1.0,1.000000,1,1,True,0.000,ticker in title,General,"Samvat 2082 Outlook: BFSI, hospitals, travel in focus, says Kotak’s Chouhan",
INTERNET,MIRAE ASSET MUTUAL FUND - MIRAE ASSET NIFTY INDIA INTERNET ETF,1.0,1.000000,1,1,True,0.000,ticker in title,General,‘Dead Internet Theory’ explained: Why Reddit founder blames 'quasi AI' and ‘LinkedIn slop’ for killing the web,
IT,KOTAK NIFTY IT ETF,1.0,1.000000,1,1,True,0.000,ticker in title,General,It's HBO's ‘Silicon Valley’ in India as hacker houses catch on — minus the profanities and open bathrobes,
IT,KOTAK NIFTY IT ETF,1.0,1.000000,1,1,True,0.000,ticker in title,General,Roche sets gene-sequencing record. It’s a challenge for Illumina.,
DIXON,DIXON TECHNOLOGIES (INDIA) LIMITED,1.0,1.000000,1,1,True,0.000,Results/metrics; ticker in title,Results/metrics,"Dixon meets Q2 revenue target, bets on components to fuel growth",
DIXON,DIXON TECHNOLOGIES (INDIA) LIMITED,1.0,1.000000,1,1,True,0.000,ticker in title,General,"Stocks to buy this Diwali: Dixon, Nykaa and 8 more scrips offer up to 31% gains in Samvat 2082",
ETERNAL,ETERNAL LIMITED,1.0,1.000000,1,1,True,0.000,Results/metrics; ticker in title,Results/metrics,"Mint Explainer | How Zomato, Blinkit-parent Eternal makes a profit when its quick-commerce business is yet to break even",
SAIL,STEEL AUTHORITY OF INDIA LIMITED,1.0,1.000000,1,1,True,0.000,ticker in title,General,SAIL: What should investors do after a 50% rally in 3 years,
SGL,STL GLOBAL LIMITED,1.0,0.914812,1,1,False,127.000,~50.0% mcap impact; no exact ticker,General,Global Startup Summit in Coimbatore draws ₹127 cr investment,
SGL,STL GLOBAL LIMITED,1.0,0.914812,1,1,False,875.000,~50.0% mcap impact; no exact ticker,General,"Signature Global raises Rs 875 cr via debentures to reduce debt, expand business",
BIL,BHARTIYA INTERNATIONAL LIMITED,1.0,0.892500,1,1,False,240.000,~23.3% mcap impact; no exact ticker,General,University of California Wants to Bet $2.4 Billion on Big 10,
TECH,ADITYA BIRLA SUN LIFE MUTUAL FUND - ADITYA BIRLA SUN LIFE NIFTY IT ETF,1.0,0.892500,1,1,False,10255.000,~₹10255 Cr; no exact ticker,General,"UltraTech plans fresh capex of ₹10,255 cr",
ZENTEC,ZEN TECHNOLOGIES LIMITED,1.0,0.892500,1,1,False,746.000,Results/metrics; ~6.0% mcap impact; no exact ticker,Results/metrics,Dixon Technologies net profit jumps 86% to ₹746 crore in September quarter,
DALBHARAT,DALMIA BHARAT LIMITED,1.0,0.735000,1,1,False,0.000,Results/metrics; no exact ticker,Results/metrics,Sequential price weakness halves Dalmia Bharat's Q2 profit despite strong annual growth,
HINDZINC,HINDUSTAN ZINC LIMITED,1.0,0.735000,1,1,False,0.000,Results/metrics; no exact ticker,Results/metrics,"Silver surge, weak rupee lift Hindustan Zinc’s Q2 profit despite lower output",
TATAMOTORS,TATA MOTORS LIMITED,1.0,0.735000,1,1,False,0.000,M&A/JV; no exact ticker,M&A/JV,Should you buy Tata Motors after the demerger?,
CPCAP,CP CAPITAL LIMITED,1.0,0.717500,1,1,False,0.000,no exact ticker,General,Mastering Derivatives: Trading capital matters,
V2RETAIL,V2 RETAIL LIMITED,1.0,0.717500,1,1,False,0.000,no exact ticker,General,"Retail inflation for farm, rural workers eases",
CPCAP,CP CAPITAL LIMITED,1.0,0.717500,1,1,False,0.000,no exact ticker,General,Capital goods recovery underway — focus on Cummins India and Kirloskar Oil Engines,
V2RETAIL,V2 RETAIL LIMITED,1.0,0.717500,1,1,False,0.000,Results/metrics; no exact ticker,Results/metrics,"RIL profit up 16% in Q2 on better O2C, retail play",
GUJGASLTD,GUJARAT GAS LIMITED,1.0,0.704834,1,1,False,0.000,no exact ticker,General,"Reviving Gujarat’s potato belt: Science, stewardship and shared responsibility",
PROPEQUITY,P. E. ANALYTICS LIMITED,1.0,0.700000,1,1,False,0.000,M&A/JV; no exact ticker,M&A/JV,"ICRA completes acquisition of Fintellix India, expanding risk analytics portfolio",
IOC,INDIAN OIL CORPORATION LIMITED,1.0,0.700000,1,1,False,0.000,Order/contract; no exact ticker,Order/contract,Indian IT firms sustain large deal momentum despite weak macroenvironment,
JKCEMENT,JK CEMENT LIMITED,1.0,0.700000,1,1,False,0.000,Results/metrics; no exact ticker,Results/metrics,UltraTech Cement Q2 profit misses analyst estimate on lower volumes and higher costs,
TRU,TRUCAP FINANCE LIMITED,1.0,0.609875,1,1,False,0.000,no exact ticker,General,"Trump approves expanding credits for US auto production, issues new 25% truck duties",
TRU,TRUCAP FINANCE LIMITED,1.0,0.609875,1,1,False,0.000,no exact ticker,General,Wall Street ends higher as investors digest Trump trade comments,
TRU,TRUCAP FINANCE LIMITED,1.0,0.609875,1,1,False,0.000,no exact ticker,General,US-China talks planned next week as Trump plays down tariffs,
TRU,TRUCAP FINANCE LIMITED,1.0,0.609875,1,1,False,0.000,no exact ticker,General,India will not be buying oil from Russia: Trump reiterates,
RBMINFRA,RBM INFRACON LIMITED,1.0,0.609875,1,1,False,0.000,no exact ticker,General,"Tech Query: Kalyan Jewellers India, Man Infraconstructions, IKIO Technologies, GoodLuck India; what is the outlook & where are these stocks headed?",
SCI,SHIPPING CORPORATION OF INDIA LIMITED,1.0,0.609875,1,1,False,0.000,no exact ticker,General,"India’s agri-climate moment: Science, will and the farmer at the centre",
SIL,STANDARD INDUSTRIES LIMITED,1.0,0.609875,1,1,False,0.000,Results/metrics; no exact ticker,Results/metrics,Gold and Silver see sharp correction after record rally; experts say fall is due to profit booking,
SGL,STL GLOBAL LIMITED,1.0,0.609875,1,1,False,0.000,no exact ticker,General,Oil posts third weekly decline on concerns over global glut,
CCCL,CONSOLIDATED CONSTRUCTION CONSORTIUM LIMITED,1.0,0.606711,1,1,False,0.000,Results/metrics; no exact ticker,Results/metrics,"RIL Q2 profit up 10% on strong consumer business, O2C recovery",
RELIANCE,RELIANCE INDUSTRIES LIMITED,1.0,0.606631,1,1,False,0.000,no exact ticker,General,Proxy adviser ISS urges Tesla shareholders to reject Elon Musk's $1 trillion pay package ahead of Nov 6 vote,
ACCENTMIC,ACCENT MICROCELL LIMITED,1.0,0.595000,1,1,False,0.000,no exact ticker,General,Accelerated provisions on microfinance business drag IndusInd Bank’s bottomline into the red,
MOS,MOS UTILITY LIMITED,1.0,0.595000,1,1,False,0.000,no exact ticker,General,Every inch of Pakistan now within BrahMos’ reach: Rajnath,
MOS,MOS UTILITY LIMITED,1.0,0.595000,1,1,False,0.000,no exact ticker,General,Rajnath Singh and Yogi Adityanath flag off first batch of Lucknow-made BrahMos missiles,
NETF,TATA NIFTY 50 EXCHANGE TRADED FUND,1.0,0.595000,1,1,False,0.000,no exact ticker,General,"Wall Street Week Ahead: US stocks to be tested by Tesla, Netflix earnings and delayed CPI report",
IBLFL,IBL FINANCE LIMITED,1.0,0.595000,1,1,False,0.000,Results/metrics; no exact ticker,Results/metrics,"Piramal Finance Q2 profit rises 2x, Poonawalla Fincorp back in black",
PSB,PUNJAB & SIND BANK,1.0,0.595000,1,1,False,0.000,no exact ticker,General,PSBs reap gains from rising interest income,
