ticker,company_name,combined_score,adj_score,articles,dups,has_word,amt_cr,reason,event_type,top_title,top_source
TECH,ADITYA BIRLA SUN LIFE MUTUAL FUND - ADITYA BIRLA SUN LIFE NIFTY IT ETF,1.0,1.334054,1,1,True,100.000,Management; ~₹100 Cr; ticker in title,Management,CEO Warren Harris banks on AI as Tata Tech chases lofty $1 bn revenue target,
TECH,ADITYA BIRLA SUN LIFE MUTUAL FUND - ADITYA BIRLA SUN LIFE NIFTY IT ETF,1.0,1.154903,1,1,True,7.500,M&A/JV; ~₹7.5 Cr; ticker in title,M&A/JV,Tata Tech shares rise 3% after €75 million acquisition of Germany's ES-Tec Group,
RADICO,RADICO KHAITAN LIMITED,1.0,1.071922,1,1,True,0.000,ticker in title,General,Radico Khaitan surges 2.17% on premium vodka launch and Jefferies Buy rating,
IDEA,VODAFONE IDEA LIMITED,1.0,1.054088,1,1,True,0.000,ticker in title,General,Vodafone Idea shares jump 7% as telco’s AGR plea reportedly gets Sept 19 hearing date,
IT,KOTAK NIFTY IT ETF,1.0,1.050000,1,1,True,0.000,ticker in title,General,"Sensex falls over 50 pts, Nifty below 25,100 as IT weakness offsets gains in auto stocks",
IT,KOTAK NIFTY IT ETF,1.0,1.050000,1,1,True,0.000,ticker in title,General,"Mid-market: Nifty trades near day’s low; realty stocks shine, IT majors Infosys, TCS dip",
IXIGO,LE TRAVENUES TECHNOLOGY LIMITED,1.0,1.007083,1,1,True,0.000,ticker in title,General,"These 13 stocks — Adani Power, Tata Tech, RailTel, Info Edge, KRBL, Godrej Enterprises, Ixigo, Infosys, Birla Corp, Vedanta, Diamond Power, Shakti Pumps, DCX Systems — to remain in focus on Monday",
BSE,BSE LIMITED,1.0,1.004550,1,1,True,0.000,Regulatory; ticker in title,Regulatory,What Sebi chief's weekly expiry remark means for BSE. Explained with 5 scenarios,
BEML,BEML LIMITED,1.0,1.001433,1,1,True,0.020,Order/contract; ~₹0.0 Cr; ticker in title,Order/contract,"HAL, Cochin Shipyard, BEML and other defence stocks rally up to 10% as govt reviews Rs 2 lakh crore IAF jet deal",
ATUL,ATUL LIMITED,1.0,1.000502,1,1,True,0.000,ticker in title,General,"Stock market risk-reward now in favour, time to deploy cash: Kotak MF’s Atul Bhole",
