ticker,company_name,combined_score,adj_score,articles,dups,has_word,amt_cr,reason,event_type,top_title,top_source
RELIANCE,RELIANCE INDUSTRIES LIMITED,1.0,1.019547,1,1,True,0.022,~0.0% mcap impact; ticker in title,General,"Mcap: 7 of top-10 most valued firms surges by ₹2.16 lakh cr; Reliance, Airtel biggest gainers",
BSE,BSE LIMITED,1.0,1.004550,1,1,True,0.000,ticker in title,General,"Muhurat Trading 2025: Check timings, settlement rules, market schedule for NSE, BSE, MCX",
BSE,BSE LIMITED,1.0,1.004550,1,1,True,0.000,ticker in title,General,"Gurmeet Chadha slams NSE, BSE for remaining open on Diwali, questions ""greed""",
ETERNAL,ETERNAL LIMITED,1.0,1.002085,1,1,True,64.170,~0.0% mcap impact; ticker in title,General,Zomato-parent Eternal receives  ₹64.17 crore state tax notice from Uttar Pradesh government — Here's what we know,
ARABIAN,ARABIAN PETROLEUM LIMITED,1.0,1.000000,1,1,True,0.000,ticker in title,General,IMD pushes timeline for Arabian Sea depression to Monday,
PREMIUM,PREMIUM PLAST LIMITED,1.0,1.000000,1,1,True,0.000,ticker in title,General,"Premium and tier-2 markets set for record-breaking demand this festive season, say developers",
TECH,ADITYA BIRLA SUN LIFE MUTUAL FUND - ADITYA BIRLA SUN LIFE NIFTY IT ETF,1.0,1.000000,1,1,True,0.000,ticker in title,General,NCLT admits insolvency case against Blu-Smart Mobility Tech,
PNB,PUNJAB NATIONAL BANK,1.0,1.000000,1,1,True,0.000,Results/metrics; ticker in title,Results/metrics,PNB shares rise 2% after Q2FY26 profit climbs 14% YoY. Brokerage raises target price to Rs 122,
POLYCAB,POLYCAB INDIA LIMITED,1.0,1.000000,1,1,True,0.000,Results/metrics; ticker in title,Results/metrics,"Polycab India shares rise over 3% as Q2 profit jumps 56% YoY. Should you buy, sell or hold?",
SOUTHBANK,THE SOUTH INDIAN BANK LIMITED,1.0,0.735000,1,1,False,0.000,no exact ticker,General,"Gainers & Losers: RIL,  South Indian Bank among 7 stocks that moved most today. Here’s why",
RPOWER,RELIANCE POWER LIMITED,1.0,0.735000,1,1,False,0.000,Order/contract; no exact ticker,Order/contract,Reliance to start solar power generation from Kutch project in H1 FY27,
HDFCNIFBAN,HDFC NIFTY BANK ETF,1.0,0.735000,1,1,False,0.000,no exact ticker,General,"Market Wrap: Sensex jumps 411 pts, Nifty tops 25,800 as Reliance, HDFC Bank rally post-earnings",
TATAMOTORS,TATA MOTORS LIMITED,1.0,0.735000,1,1,False,0.000,Results/metrics; no exact ticker,Results/metrics,Tata Motors records 30% growth in Dhanteras sales after GST rate cut,
V2RETAIL,V2 RETAIL LIMITED,1.0,0.717500,1,1,False,0.000,no exact ticker,General,Retail inflation expected to decline on high base and GST reform impact in October: Report,
ITCHOTELS,ITC HOTELS LIMITED,1.0,0.717500,1,1,False,0.000,Order/contract; no exact ticker,Order/contract,Gstaad Hotels insolvency: Former director moves Supreme Court against appellate tribunal order,
V2RETAIL,V2 RETAIL LIMITED,1.0,0.717500,1,1,False,0.000,Results/metrics; no exact ticker,Results/metrics,"PNB expects GST rate cut to boost credit growth for retail, MSME: MD & CEO Ashok Chandra",
V2RETAIL,V2 RETAIL LIMITED,1.0,0.717500,1,1,False,0.000,Results/metrics; no exact ticker,Results/metrics,"Robust retail, O2C performance support Reliance’s quarterly growth: Sudip Bandyopadhyay",
CCCL,CONSOLIDATED CONSTRUCTION CONSORTIUM LIMITED,1.0,0.713777,1,1,False,0.000,no exact ticker,General,"Consortium of homegrown start-ups, companies on a spree to make smart villages across India",
RELIANCE,RELIANCE INDUSTRIES LIMITED,1.0,0.713683,1,1,False,0.000,Results/metrics; no exact ticker,Results/metrics,Base-effect saves RIL Q2; a dilemma is now coming to the fore,
PSPPROJECT,PSP PROJECTS LIMITED,1.0,0.700000,1,1,False,0.000,Order/contract; no exact ticker,Order/contract,Sobha to launch ₹22K cr worth housing projects over 18 months,
TECHM,TECH MAHINDRA LIMITED,1.0,0.700000,1,1,False,0.000,Results/metrics; no exact ticker,Results/metrics,Tech-led cost cuts boosted profits: NMPA chief,
INFY,INFOSYS LIMITED,1.0,0.700000,1,1,False,0.000,Results/metrics; no exact ticker,Results/metrics,"Infosys, Wipro, LTIMindtree deliver steady Q2 growth, but Goldman warns AI shift may cap valuations",
SGL,STL GLOBAL LIMITED,1.0,0.639625,1,1,False,0.000,Results/metrics; no exact ticker,Results/metrics,"Global trends, FPIs move, Q2 earnings to guide markets in holiday-shortened week: Analysts",
SGL,STL GLOBAL LIMITED,1.0,0.609875,1,1,False,0.000,Order/contract; no exact ticker,Order/contract,Global Banks Bet Billions on India Deals Amid US Credit Jitters,
SGL,STL GLOBAL LIMITED,1.0,0.609875,1,1,False,0.000,Results/metrics; no exact ticker,Results/metrics,Public sector emerges as Indian IT’s next growth engine amid global digital transformation push,
BFINVEST,BF INVESTMENT LIMITED,1.0,0.609875,1,1,False,0.000,no exact ticker,General,"UK Pension Providers Team Up in Push for Infra, AI Investments",
CCCL,CONSOLIDATED CONSTRUCTION CONSORTIUM LIMITED,1.0,0.606711,1,1,False,0.000,no exact ticker,General,IIM Bangalore secures 100% summer placement with consulting leading at 46%,
CCCL,CONSOLIDATED CONSTRUCTION CONSORTIUM LIMITED,1.0,0.606711,1,1,False,0.000,no exact ticker,General,Consumer product makers ring in a sparkling Diwali,
KORE,JAY JALARAM TECHNOLOGIES LIMITED,1.0,0.595000,1,1,False,0.000,no exact ticker,General,Korean business leaders meet Trump amid tariff talks,
BALPHARMA,BAL PHARMA LIMITED,1.0,0.595000,1,1,False,0.000,no exact ticker,General,Novo Nordisk hires US pharma veteran as Trump pricing pressure mounts,
BIL,BHARTIYA INTERNATIONAL LIMITED,1.0,0.595000,1,1,False,0.000,no exact ticker,General,Billionaire bidders must show the money in Jaypee insolvency face-off,
ZENTEC,ZEN TECHNOLOGIES LIMITED,1.0,0.595000,1,1,False,0.000,no exact ticker,General,Tata Technologies gets PL Capital upgrade after a 40% crash halves PE. Is it a value buy now?,
ZENTEC,ZEN TECHNOLOGIES LIMITED,1.0,0.595000,1,1,False,0.000,Results/metrics; no exact ticker,Results/metrics,"Dixon Technologies shares fall 3% after Q2 results. Should you buy, sell or hold?",
ENGINERSIN,ENGINEERS INDIA LIMITED,1.0,0.595000,1,1,False,0.000,no exact ticker,General,HAL to begin deliveries of indigenous HTT-40 trainer aircraft from February 2026 after Honeywell engine supply delays,
BANKINDIA,BANK OF INDIA,1.0,0.595000,1,1,False,0.000,no exact ticker,General,"Indian Bank, PNB and 3 other PSU bank stocks hit 52-week high; gain up to 16% in a month",
IBLFL,IBL FINANCE LIMITED,1.0,0.595000,1,1,False,0.000,no exact ticker,General,"Wipro, Muthoot Finance among 7 F&O stocks that saw a high increase in futures open interest",
BEL,BHARAT ELECTRONICS LIMITED,1.0,0.565250,1,1,False,0.000,no exact ticker,General,Below the line,
TI,TILAKNAGAR INDUSTRIES LIMITED,1.0,0.513679,1,1,False,0.000,no exact ticker,General,BIAL woos Tiruppur exporters to use the Kempegowda airport,
TI,TILAKNAGAR INDUSTRIES LIMITED,1.0,0.513679,1,1,False,0.000,no exact ticker,General,"Hyderabad, Bengaluru, Chennai together see 47% rise in housing sales in Jul-Sep: PropTiger",
IT,KOTAK NIFTY IT ETF,1.0,0.510000,1,1,False,0.000,no exact ticker,General,Chip Firm Arrow Says Its Units To Be Removed from US Blacklist,
LT,LARSEN & TOUBRO LIMITED,1.0,0.510000,1,1,False,0.000,no exact ticker,General,NCLT dismisses insolvency plea against ZTE filed by TVS Supply Chain,
