ticker,company_name,combined_score,adj_score,articles,dups,has_word,amt_cr,reason,event_type,top_title,top_source
CHANDAN,,1.0,,1,1,,,,,Chandan Healthcare board approves ₹104 crore fund raise via preferential issue,
PAR,,1.0,,1,1,,,,,"Warner Bros rejected Paramount's ‘too low’ $20/share takeover offer, says report",
PAR,,1.0,,1,1,,,,,AI-powered fintech platform GoodScore raises $13 million in Series A funding led by Peak XV Partners,
PAR,,1.0,,1,1,,,,,Kerala to set up ‘Women Industrial Park’ to promote female entrepreneurs,
PAR,,1.0,,1,1,,,,,"French yields edge up; focus on Paris politics, US tariffs",
PAR,,1.0,,1,1,,,,,"EQT scraps Zelestra India sale, brings in O2's Parag Sharma to lead $600 mn push",
PAR,,1.0,,1,1,,,,,Ranjan Pai-backed Esencia Partners buys ₹165 crore Lavelle Road property,
TRU,,1.0,,1,1,,,,,"Divisions aside, Tata Trusts keen to keep Tata Sons private",
TRU,,1.0,,1,1,,,,,"Dow Jones soars 500 points, Nasdaq, S&P 500 up 1% after Trump cools rhetoric on China",
TRU,,1.0,,1,1,,,,,"Gold, silver hit record highs after Trump threat of fresh China tariffs",
TRU,,1.0,,1,1,,,,,"Bitcoin recovers 12% from weekend lows, Ethereum reclaims over $4,100 level post Trump’s China tariff shock",
BIL,,1.0,,1,1,,,,,"Lenskart, Billionbrains set to cap record month for India IPOs",
BIL,,1.0,,1,1,,,,,"Draft Electricity (Amendment) Bill, 2025, proposes to align reforms with industry requirements",
HYUNDAI,,1.0,,1,1,,,,,"Talegaon plant preps Hyundai for exports, multi-model production",
ITI,,1.0,,1,1,,,,,"NITI Aayog releases report on deep-sea fisheries, asks govt to have dedicated scheme",
ITI,,1.0,,1,1,,,,,"US tariffs severely hit India's textile exporters; industry seeks moratorium, raw material reforms: CITI survey",
RETAIL,,1.0,,1,1,,,,,Apparel maker Cantabil Retail eyes reveues of ₹1000 crore by FY27,
RETAIL,,1.0,,1,1,,,,,Retail inflation slows to eight-year low of 1.54% in September 2025,
RETAIL,,1.0,,1,1,,,,,Retail inflation cools to 99-month low at 1.5% in September,
ACC,,1.0,,1,1,,,,,Accel-backed chemicals startup Scimplify eyes up to $100 million investment to expand overseas operations,
ATL,,1.0,,1,1,,,,,General Atlantic to lead $100 million round in consumer-lending startup Snapmint,
ATUL,,1.0,,1,1,,,,,Indian market quietly setting up for the next big bull run; Atul Suri on next 3 mega trends,
BUTTERFLY,,1.0,,1,1,,,,,"Butterfly mourns Prestige's TT Jagannathan, hails him as ‘mind that shaped kitchen industry’ | See Facebook post",
CAMPUS,,1.0,,1,1,,,,,Sam Altman-backed edtech startup Campus acquires former Meta VP's Sizzle AI platform — Here's what we know,
CONS,,1.0,,1,1,,,,,"HCL Technologies Q2 Results: Cons PAT flat at Rs 4,235 crore, revenue up 11% YoY. Rs 12/share dividend announced",
CONS,,1.0,,1,1,,,,,"India-Japan work pact to send 50,000 skilled professionals to Japan: Consul-General",
IT,,1.0,,1,1,,,,,Italian asset managers net inflows up 70% y/y in September,
IT,,1.0,,1,1,,,,,9 Nifty500 stocks with soaring EV/EBITDA ratios; a sign of growth or overvaluation?,
IT,,1.0,,1,1,,,,,Hero MotoCorp enters Italian market with Pelpi International,
IT,,1.0,,1,1,,,,,Hero MotoCorp enters Italy; ties up with Pelpi International for sales support,
IT,,1.0,,1,1,,,,,IIT-M-incubated Muse Wearables launches smart ring for contactless payments,
LIBAS,,1.0,,1,1,,,,,Festive season pricing not a race to the bottom: Libas’ Nisha Khatri,
MRF,,1.0,,1,1,,,,,Serentica Renewables to develop 170 MW hybrid project for MRF,
PRUDENT,,1.0,,1,1,,,,,"Curie Money, ICICI Prudential AMC partner for instant redemption with UPI",
RELIGARE,,1.0,,1,1,,,,,Religare may absorb arm Care Health via reverse merger,
RITES,,1.0,,1,1,,,,,"OYO founder Ritesh Agarwal takes inspiration from Jeff Bezos, says success needs planning: ‘Hope is not a plan’",
SIL,,1.0,,1,1,,,,,Tata MF temporarily suspends subscription to units in Silver ETF Fund of Fund,
SIL,,1.0,,1,1,,,,,Silver roars higher on short squeeze as gold rallies to record,
SIL,,1.0,,1,1,,,,,"Commodities hype alert: Silver is next gold, copper next silver... beware investors, warns Gurmeet Chadha",
SIL,,1.0,,1,1,,,,,"Silver prices could rise, but your ETF may not. Here’s why",
SPIC,,1.0,,1,1,,,,,India hosts 8th session of Codex Committee on Spices and Culinary Herbs in Guwahati,
SUPREME,,1.0,,1,1,,,,,"Karur stampede: Supreme Court's order for CBI probe can be cancelled, says DMK",
SUPREME,,1.0,,1,1,,,,,"Supreme Court refuses to hear Asian Paints’ plea against competition commission probe, allows firm to withdraw petition",
SUPREME,,1.0,,1,1,,,,,Vodafone Idea shares slide 2% after Supreme Court defers AGR plea hearing,
SWIGGY,,1.0,,1,1,,,,,Broker’s call: Swiggy (Buy),
TECH,,1.0,,1,1,,,,,"HCLTech reports fastest Q2 growth in five years, calls AI revenue in a first",
TECH,,1.0,,1,1,,,,,"HCLTech reports steady Q2 performance amid auto sector slowdown; AI, new bookings drive growth",
TECH,,1.0,,1,1,,,,,HCL Tech announces big changes to variable pay policy - Who will benefit? When will employees get hike? Details here,
TECH,,1.0,,1,1,,,,,HCL Tech announces 91st straight quarterly dividend at Rs 12 per share as Q2 profit holds steady,
TECH,,1.0,,1,1,,,,,Chara Technologies raises ₹52 cr to expand rare-earth-free motor manufacturing,
TECH,,1.0,,1,1,,,,,"HCL Tech Q2 Results: Profit flat at Rs 4,235 cr, revenue up 11% YoY; Rs 12/share dividend declared",
WEALTH,,1.0,,1,1,,,,,Anand Rathi Wealth Q2 profit surges 31%,
ADANIPORTS,,1.0,,1,1,,,,,"UK’s Investec initiates coverage on Adani Ports, sees up to 23% upside",
CDSL,,1.0,,1,1,,,,,"Market Trading Guide: Buy Eternal, CDSL and 3 other stocks on Tuesday for up to 10% gains",
HAL,,1.0,,1,1,,,,,ANZ to Halt Stock Buyback as Bank CEO’s Overhaul Ramps Up,
IDEA,,1.0,,1,1,,,,,SC defers till Oct 27 hearing on plea of Vodafone Idea for quashing additional AGR demand,
IDEA,,1.0,,1,1,,,,,Vodafone Idea case deferred a fourth time—to be taken up after Diwali. Shares fall.,
MCX,,1.0,,1,1,,,,,Broker’s call: MCX (Buy),
ONGC,,1.0,,1,1,,,,,"ONGC eyes cost optimization as subdued oil prices, maturing fields threaten profits",
RELIANCE,,1.0,,1,1,,,,,JPMorgan to Plow $1.5 Trillion Into US Security Industries,
RELIANCE,,1.0,,1,1,,,,,Net direct tax collection rises over 6% to ₹11.89 lakh crore in April-Oct,
TATAMOTORS,,1.0,,1,1,,,,,Tata Motors demerger: Stock slides 7% in 7 days. Will the restructuring spark gains or more volatility?,
TCS,,1.0,,1,1,,,,,H-1B visa crackdown not an existential threat to TCS; CEO Krithivasan says firm 'can survive',
TCS,,1.0,,1,1,,,,,"TCS eyes 5G infra market, flags interest from global telcos",
WIPRO,,1.0,,1,1,,,,,"Q2FY26 preview: Wipro may see flat revenue, revise lower-end guidance for Q3",
