ticker,company,title,amount,validation_confidence,base_score,enhanced_score,intelligence_boost,intelligence_multipliers,new_intelligence
POLYCAB,POLYCAB INDIA LIMITED,Polycab India block deal: Promoters likely to sell 0.8% stake worth Rs 887 crore,887.0,0.7500000000000001,1.0,1.15,1.15,"strategic_action, mega_deal",mega_deal
EPACK,EPACK DURABLE LIMITED,Epack Prefab Technologies IPO: Issue subscribed 30% on Day 1. Check GMP and othe,0.0,0.9,0.5506666666666666,1.0022133333333332,1.8199999999999998,"ipo_event, sector_boost, mega_action","sector_boost, ipo_event"
LT,LARSEN & TOUBRO LIMITED,NCLT approves merger of Piramal Enterprises with Piramal Finance; Anand Piramal ,0.0,0.7000000000000001,0.6626666666666666,0.8382733333333333,1.2650000000000001,"regulatory_approval, strategic_action, mega_action","strategic_action, regulatory_approval"
BIL,BHARTIYA INTERNATIONAL LIMITED,Billionaire Salinas Briefly Threatened With Arrest in AT&T Suit,0.0,0.6000000000000001,0.494,0.82992,1.68,"sector_boost, billion_mention","sector_boost, billion_mention"
GLENMARK,GLENMARK PHARMACEUTICALS LIMITED,Glenmark inks $18 million deal for cancer drug with China’s Hengrui,1.8,1.0,0.472,0.6136,1.3,"strategic_action, sector_boost",sector_boost
EDELWEISS,EDELWEISS FINANCIAL SERVICES LIMITED,Edelweiss Financial Services launches Rs 300 crore NCD issue with 10.25% yield,300.0,1.0,0.4333333333333333,0.4766666666666667,1.1,sector_boost,sector_boost
OIL,OIL INDIA LIMITED,Oil Firms Agree Deal With Iraq to Resume Kurdistan Exports,0.0,0.7000000000000001,0.3919999999999999,0.4703999999999999,1.2,"strategic_action, sector_boost",sector_boost
SERVICE,SERVICE CARE LIMITED,Edelweiss Financial Services launches Rs 300 crore NCD issue with 10.25% yield,300.0,0.6000000000000001,0.3666666666666666,0.40333333333333327,1.1,sector_boost,sector_boost
RETAIL,JHS SVENDGAARD RETAIL VENTURES LIMITED,Retailers see double-digit growth this festival season with GST cuts boosting sa,0.0,0.8,0.1933333333333333,0.2706666666666666,1.4,sector_boost,sector_boost
CROWN,CROWN LIFTERS LIMITED,"Logistics giant Crown expands in India with 57,000 sq ft Ramasandra facility",0.0,0.8,0.2466666666666666,0.2466666666666666,1.0,,
IDEA,VODAFONE IDEA LIMITED,IdeaForge shares jump over 5% from day’s low on JV with US firm to manufacture d,0.0,0.6000000000000001,0.1933333333333333,0.22233333333333327,1.15,strategic_action,strategic_action
WEALTH,WEALTH FIRST PORTFOLIO MANAGERS LIMITED,"Wealth Company MF launches NFOs in flexi cap, arbitrage, ethical, liquid funds",0.0,0.5000000000000001,0.22,0.22,1.0,,
MAGNUM,MAGNUM VENTURES LIMITED,SBI launches first SIF Magnum Hybrid Long Short Fund,0.0,0.5000000000000001,0.22,0.22,1.0,,
SIRCA,SIRCA PAINTS INDIA LIMITED,Broker’s call: Sirca Paints (Buy),0.0,0.8999999999999999,0.1533333333333333,0.2146666666666666,1.4,sector_boost,sector_boost
OLECTRA,OLECTRA GREENTECH LIMITED,Mahesh Babu Subramanian is new MD of Olectra Greentech,0.0,0.8999999999999999,0.1533333333333333,0.2146666666666666,1.4,sector_boost,sector_boost
ARABIAN,ARABIAN PETROLEUM LIMITED,"Saudi Arabian stock index jump 5%, most in 5 years on report of easing of foreig",0.0,0.6000000000000001,0.1666666666666666,0.1666666666666666,1.0,,
KEL,KUNDAN EDIFICE LIMITED,From Anna Salai to Dalal Street: How Arihant won Sacheti and Kela,0.0,0.6000000000000001,0.1133333333333333,0.15866666666666662,1.4000000000000001,sector_boost,sector_boost
MOS,MOS UTILITY LIMITED,The AI Threat to Europes Most Valuable Software Company,0.0,0.6000000000000001,0.1133333333333333,0.15866666666666662,1.4000000000000001,sector_boost,sector_boost
TRUST,TRUST FINTECH LIMITED,Vijay Singh’s forced exit at Tata Sons bares a deep divide at Tata Trusts,0.0,0.8,0.1133333333333333,0.15866666666666662,1.4000000000000001,sector_boost,sector_boost
MCX,MULTI COMMODITY EXCHANGE OF INDIA LIMITED,Commodity Talk: MCX crude oil consolidating within a bearish triangle pattern. S,0.0,0.8,0.1133333333333333,0.13599999999999995,1.2,sector_boost,sector_boost
LODHA,LODHA DEVELOPERS LIMITED,Who is Rajendra Lodha? Ex-director of Lodha Developers arrested in alleged fraud,0.0,0.7,0.1266666666666666,0.1266666666666666,1.0,,
ATUL,ATUL LIMITED,GPT Infraprojects board elevates Atul Tantia to Joint MD & CFO; Om Tantia appoin,0.0,0.6000000000000001,0.1133333333333333,0.1133333333333333,1.0,,
GLOBAL,GLOBAL EDUCATION LIMITED,HSBC Global expects Sensex to hit 96k by next year-end,0.0,0.75,0.1133333333333333,0.1133333333333333,1.0,,
SBC,SBC EXPORTS LIMITED,HSBC Global expects Sensex to hit 96k by next year-end,0.0,0.55,0.1133333333333333,0.1133333333333333,1.0,,
TRU,TRUCAP FINANCE LIMITED,Vijay Singh’s forced exit at Tata Sons bares a deep divide at Tata Trusts,0.0,0.6000000000000001,0.1133333333333333,0.1133333333333333,1.0,,
DRONE,DRONE DESTINATION LIMITED,Russia Black Sea Oil Ports Pause Loadings After Drone Alerts,0.0,0.5000000000000001,0.0866666666666666,0.10399999999999991,1.2,sector_boost,sector_boost
COROMANDEL,COROMANDEL INTERNATIONAL LIMITED,"Coromandel, Veolia sign pact to expand desalination plant in Vizag",0.0,0.6000000000000001,0.0866666666666666,0.0866666666666666,1.0,,
CRISIL,CRISIL LIMITED,Crisil to acquire McKinsey PriceMetrix Co,0.0,0.6000000000000001,0.0866666666666666,0.0866666666666666,1.0,,
RICHA,RICHA INFO SYSTEMS LIMITED,Bajaj Electricals acquire Morphy Richard’s brand rights,0.0,0.6000000000000001,0.0866666666666666,0.0866666666666666,1.0,,
MIDCAP,KOTAK NIFTY MIDCAP 50 ETF,Midcap Momentum: 7 stocks reporting rising EPS for 4 consecutive quarters,0.0,0.6000000000000001,0.0866666666666666,0.0866666666666666,1.0,,
METAL,MIRAE ASSET MUTUAL FUND - MIRAE ASSET NIFTY METAL ETF,"Autos, IT and Metals: Parag Thakkar’s sectoral playbook for investors",0.0,0.5000000000000001,0.0866666666666666,0.0866666666666666,1.0,,
