ticker,asof,price,prev_close,live_ret,news_certainty,trust_score,event_type,title,source
RELIANCE,2025-10-21T00:00:00,1465.199951171875,1466.800048828125,-0.10908764678105723,0.350,0.395,General,"Mcap: 7 of top-10 most valued firms surges by ₹2.16 lakh cr; Reliance, Airtel biggest gainers",
BSE,2025-10-21T00:00:00,2487.800048828125,2494.10009765625,-0.25259807471421325,0.350,0.395,General,"Muhurat Trading 2025: Check timings, settlement rules, market schedule for NSE, BSE, MCX",
ETERNAL,2025-10-21T00:00:00,338.1000061035156,338.1499938964844,-0.01478272774538403,0.350,0.395,General,Zomato-parent Eternal receives  ₹64.17 crore state tax notice from Uttar Pradesh government — Here's what we know,
ARABIAN,2025-10-21T00:00:00,nan,72.05000305175781,nan,0.350,0.395,General,IMD pushes timeline for Arabian Sea depression to Monday,
PREMIUM,2025-10-21T00:00:00,nan,nan,nan,0.350,0.395,General,"Premium and tier-2 markets set for record-breaking demand this festive season, say developers",
TECH,2025-10-21T00:00:00,37.7599983215332,37.630001068115234,0.34546173193738866,0.350,0.395,General,NCLT admits insolvency case against Blu-Smart Mobility Tech,
PNB,2025-10-21T00:00:00,117.66999816894531,118.0999984741211,-0.3640984849546852,0.550,0.535,Results/metrics,PNB shares rise 2% after Q2FY26 profit climbs 14% YoY. Brokerage raises target price to Rs 122,
POLYCAB,2025-10-21T00:00:00,7605.0,7673.5,-0.8926826089789536,0.550,0.535,Results/metrics,"Polycab India shares rise over 3% as Q2 profit jumps 56% YoY. Should you buy, sell or hold?",
SOUTHBANK,2025-10-21T00:00:00,38.84000015258789,37.72999954223633,2.9419576565565224,0.297,0.358,General,"Gainers & Losers: RIL,  South Indian Bank among 7 stocks that moved most today. Here’s why",
RPOWER,2025-10-21T00:00:00,44.380001068115234,44.15999984741211,0.4981911717919031,0.680,0.626,Order/contract,Reliance to start solar power generation from Kutch project in H1 FY27,
HDFCNIFBAN,2025-10-21T00:00:00,59.52000045776367,59.54999923706055,-0.05037578451924725,0.297,0.358,General,"Market Wrap: Sensex jumps 411 pts, Nifty tops 25,800 as Reliance, HDFC Bank rally post-earnings",
TATAMOTORS,2025-10-21T00:00:00,401.8500061035156,399.75,0.5253298570395559,0.468,0.477,Results/metrics,Tata Motors records 30% growth in Dhanteras sales after GST rate cut,
V2RETAIL,2025-10-21T00:00:00,2213.5,2258.10009765625,-1.9751160589622125,0.297,0.358,General,Retail inflation expected to decline on high base and GST reform impact in October: Report,
ITCHOTELS,2025-10-21T00:00:00,224.25999450683594,219.41000366210938,2.2104693331100487,0.680,0.626,Order/contract,Gstaad Hotels insolvency: Former director moves Supreme Court against appellate tribunal order,
CCCL,2025-10-21T00:00:00,24.93000030517578,24.84000015258789,0.362319452637017,0.297,0.358,General,"Consortium of homegrown start-ups, companies on a spree to make smart villages across India",
PSPPROJECT,2025-10-21T00:00:00,792.25,791.8499755859375,0.050517702392615195,0.680,0.626,Order/contract,Sobha to launch ₹22K cr worth housing projects over 18 months,
TECHM,2025-10-21T00:00:00,1448.699951171875,1444.4000244140625,0.29769639193663233,0.468,0.477,Results/metrics,Tech-led cost cuts boosted profits: NMPA chief,
INFY,2025-10-21T00:00:00,1472.4000244140625,1460.9000244140625,0.7871859680892549,0.468,0.477,Results/metrics,"Infosys, Wipro, LTIMindtree deliver steady Q2 growth, but Goldman warns AI shift may cap valuations",
SGL,2025-10-21T00:00:00,14.399999618530273,14.1899995803833,1.4799157459968024,0.468,0.477,Results/metrics,"Global trends, FPIs move, Q2 earnings to guide markets in holiday-shortened week: Analysts",
BFINVEST,2025-10-21T00:00:00,484.5,481.70001220703125,0.5812721033864818,0.297,0.358,General,"UK Pension Providers Team Up in Push for Infra, AI Investments",
KORE,2025-10-21T00:00:00,nan,157.0,nan,0.297,0.358,General,Korean business leaders meet Trump amid tariff talks,
BALPHARMA,2025-10-21T00:00:00,81.30000305175781,80.95999908447266,0.4199653793602447,0.297,0.358,General,Novo Nordisk hires US pharma veteran as Trump pricing pressure mounts,
BIL,2025-10-21T00:00:00,778.1500244140625,742.4500122070312,4.808406171468463,0.297,0.358,General,Billionaire bidders must show the money in Jaypee insolvency face-off,
ZENTEC,2025-10-21T00:00:00,1400.199951171875,1373.0999755859375,1.9736345544958032,0.297,0.358,General,Tata Technologies gets PL Capital upgrade after a 40% crash halves PE. Is it a value buy now?,
ENGINERSIN,2025-10-21T00:00:00,199.27999877929688,198.16000366210938,0.5651973639934166,0.297,0.358,General,HAL to begin deliveries of indigenous HTT-40 trainer aircraft from February 2026 after Honeywell engine supply delays,
BANKINDIA,2025-10-21T00:00:00,130.25999450683594,129.77000427246094,0.3775835849910525,0.297,0.358,General,"Indian Bank, PNB and 3 other PSU bank stocks hit 52-week high; gain up to 16% in a month",
IBLFL,2025-10-21T00:00:00,nan,66.5,nan,0.297,0.358,General,"Wipro, Muthoot Finance among 7 F&O stocks that saw a high increase in futures open interest",
BEL,2025-10-21T00:00:00,417.70001220703125,416.5,0.28811817695828335,0.297,0.327,General,Below the line,
TI,2025-10-21T00:00:00,493.79998779296875,488.0,1.1885220887231045,0.297,0.358,General,BIAL woos Tiruppur exporters to use the Kempegowda airport,
IT,2025-10-21T00:00:00,38.38999938964844,38.369998931884766,0.05212524972746836,0.297,0.358,General,Chip Firm Arrow Says Its Units To Be Removed from US Blacklist,
LT,2025-10-21T00:00:00,3888.199951171875,3872.699951171875,0.40023756540471755,0.297,0.358,General,NCLT dismisses insolvency plea against ZTE filed by TVS Supply Chain,
