ticker,asof,price,prev_close,live_ret,news_certainty,trust_score,event_type,title,source
CHANDAN,2025-10-13T00:00:00,nan,nan,nan,0.350,0.395,General,Chandan Healthcare board approves ₹104 crore fund raise via preferential issue,
V2RETAIL,2025-10-13T00:00:00,2360.300048828125,2376.300048828125,-0.6733156449620248,0.297,0.358,General,Apparel maker Cantabil Retail eyes reveues of ₹1000 crore by FY27,
ONGC,2025-10-13T00:00:00,244.08999633789062,246.33999633789062,-0.9133717761827854,0.550,0.535,Results/metrics,"ONGC eyes cost optimization as subdued oil prices, maturing fields threaten profits",
IDEA,2025-10-13T00:00:00,8.729999542236328,9.039999961853027,-3.4292081960712206,0.350,0.395,General,Vodafone Idea shares slide 2% after Supreme Court defers AGR plea hearing,
SUPREME,2025-10-13T00:00:00,94.79000091552734,96.68000030517578,-1.954902134549596,0.800,0.710,Order/contract,"Karur stampede: Supreme Court's order for CBI probe can be cancelled, says DMK",
MCX,2025-10-13T00:00:00,8937.5,8688.5,2.8658571675202853,0.350,0.395,General,Broker’s call: MCX (Buy),
LIBAS,2025-10-13T00:00:00,11.680000305175781,12.140000343322754,-3.7891270604451175,0.350,0.395,General,Festive season pricing not a race to the bottom: Libas’ Nisha Khatri,
TCS,2025-10-13T00:00:00,3007.199951171875,3028.300048828125,-0.6967637722825781,0.400,0.430,Management,H-1B visa crackdown not an existential threat to TCS; CEO Krithivasan says firm 'can survive',
PARAMOUNT,2025-10-13T00:00:00,nan,nan,nan,0.350,0.395,General,"Warner Bros rejected Paramount's ‘too low’ $20/share takeover offer, says report",
CAMPUS,2025-10-13T00:00:00,285.3999938964844,280.6000061035156,1.710615712245564,0.350,0.395,General,Sam Altman-backed edtech startup Campus acquires former Meta VP's Sizzle AI platform — Here's what we know,
MRF,2025-10-13T00:00:00,156885.0,155395.0,0.9588468097429131,0.800,0.710,Order/contract,Serentica Renewables to develop 170 MW hybrid project for MRF,
RELIGARE,2025-10-13T00:00:00,259.95001220703125,264.70001220703125,-1.7944842391185298,0.700,0.640,M&A/JV,Religare may absorb arm Care Health via reverse merger,
SWIGGY,2025-10-13T00:00:00,434.79998779296875,435.54998779296875,-0.17219607875560305,0.350,0.395,General,Broker’s call: Swiggy (Buy),
HCLTECH,2025-10-13T00:00:00,1494.699951171875,1495.5,-0.05349707978100969,0.550,0.535,Results/metrics,"HCLTech reports fastest Q2 growth in five years, calls AI revenue in a first",
TECH,2025-10-13T00:00:00,37.58000183105469,37.86000061035156,-0.7395635889670815,0.350,0.395,General,HCL Tech announces big changes to variable pay policy - Who will benefit? When will employees get hike? Details here,
ETERNAL,2025-10-13T00:00:00,348.3500061035156,348.29998779296875,0.014360698334737278,0.350,0.395,General,"Market Trading Guide: Buy Eternal, CDSL and 3 other stocks on Tuesday for up to 10% gains",
WIPRO,2025-10-13T00:00:00,245.1300048828125,248.6999969482422,-1.435461242153795,0.550,0.535,Results/metrics,"Q2FY26 preview: Wipro may see flat revenue, revise lower-end guidance for Q3",
TECHM,2025-10-13T00:00:00,1450.9000244140625,1457.199951171875,-0.4323309750831464,0.297,0.358,Dividend/return,"HCL Tech Q2 Results: Profit flat at Rs 4,235 cr, revenue up 11% YoY; Rs 12/share dividend declared",
PAR,2025-10-13T00:00:00,102.13999938964844,103.44999694824219,-1.2663099054987546,0.297,0.358,General,"EQT scraps Zelestra India sale, brings in O2's Parag Sharma to lead $600 mn push",
ZENTEC,2025-10-13T00:00:00,1393.699951171875,1419.0,-1.7829491774577166,0.297,0.358,Dividend/return,"HCL Technologies Q2 Results: Cons PAT flat at Rs 4,235 crore, revenue up 11% YoY. Rs 12/share dividend announced",
BFINVEST,2025-10-13T00:00:00,480.1000061035156,481.25,-0.23895977069805197,0.297,0.358,General,Accel-backed chemicals startup Scimplify eyes up to $100 million investment to expand overseas operations,
ASIANPAINT,2025-10-13T00:00:00,2342.5,2340.199951171875,0.09828428664709744,0.297,0.358,General,"Supreme Court refuses to hear Asian Paints’ plea against competition commission probe, allows firm to withdraw petition",
ANANDRATHI,2025-10-13T00:00:00,2934.89990234375,2956.10009765625,-0.7171677078630936,0.468,0.477,Results/metrics,Anand Rathi Wealth Q2 profit surges 31%,
ADANIPORTS,2025-10-13T00:00:00,1437.800048828125,1409.4000244140625,2.0150435591108633,0.297,0.358,General,"UK’s Investec initiates coverage on Adani Ports, sees up to 23% upside",
BSE500IETF,2025-10-13T00:00:00,39.369998931884766,39.31999969482422,0.1271598103982905,0.297,0.358,General,"Curie Money, ICICI Prudential AMC partner for instant redemption with UPI",
TATAMOTORS,2025-10-13T00:00:00,660.75,678.9500122070312,-2.680611514810835,0.595,0.567,M&A/JV,Tata Motors demerger: Stock slides 7% in 7 days. Will the restructuring spark gains or more volatility?,
UMAEXPORTS,2025-10-13T00:00:00,50.15999984741211,48.86000061035156,2.660661524398604,0.297,0.358,General,"Talegaon plant preps Hyundai for exports, multi-model production",
TTKPRESTIG,2025-10-13T00:00:00,637.4000244140625,635.25,0.33845327257969304,0.297,0.358,General,"Butterfly mourns Prestige's TT Jagannathan, hails him as ‘mind that shaped kitchen industry’ | See Facebook post",
POLICYBZR,2025-10-13T00:00:00,1719.300048828125,1745.4000244140625,-1.4953578102933374,0.297,0.358,General,AI-powered fintech platform GoodScore raises $13 million in Series A funding led by Peak XV Partners,
IOC,2025-10-13T00:00:00,155.25999450683594,154.11000061035156,0.7462162688533076,0.297,0.358,General,Indian market quietly setting up for the next big bull run; Atul Suri on next 3 mega trends,
CCCL,2025-10-13T00:00:00,23.469999313354492,24.059999465942383,-2.4522035148963854,0.297,0.358,General,General Atlantic to lead $100 million round in consumer-lending startup Snapmint,
TRU,2025-10-13T00:00:00,9.9399995803833,10.4399995803833,-4.789272223147376,0.297,0.358,General,"Dow Jones soars 500 points, Nasdaq, S&P 500 up 1% after Trump cools rhetoric on China",
SIL,2025-10-13T00:00:00,18.209999084472656,18.709999084472656,-2.6723678485636473,0.297,0.358,General,Silver roars higher on short squeeze as gold rallies to record,
SPIC,2025-10-13T00:00:00,91.69000244140625,93.05999755859375,-1.4721632851160396,0.297,0.358,General,India hosts 8th session of Codex Committee on Spices and Culinary Herbs in Guwahati,
SGL,2025-10-13T00:00:00,14.270000457763672,14.399999618530273,-0.9027719736833565,0.297,0.358,General,"TCS eyes 5G infra market, flags interest from global telcos",
RELIANCE,2025-10-13T00:00:00,1375.0,1381.699951171875,-0.48490637682895643,0.297,0.358,General,Net direct tax collection rises over 6% to ₹11.89 lakh crore in April-Oct,
