ticker,asof,price,prev_close,live_ret,news_certainty,trust_score,event_type,title,source
WIPRO,2025-10-17T00:00:00,239.97000122070312,253.80999755859375,-5.452896446561593,0.550,0.535,Results/metrics,"Wipro Q2 net profit inches up to ₹3,246 cr; revenue rises 1.7% to ₹22,697 crore",
CCCL,2025-10-17T00:00:00,23.469999313354492,23.979999542236328,-2.1267733053270703,0.297,0.358,Dividend/return,"Waaree Energies Q2 Results: Cons PAT skyrockets 133% YoY to Rs 842 crore, revenue surges 70%. Check dividend",
CRAFTSMAN,2025-10-17T00:00:00,6677.0,6800.5,-1.8160429380192633,0.350,0.395,General,Craftsman Automation starts commercial operations at its new facility in Hosur,
TAC,2025-10-17T00:00:00,nan,751.1500244140625,nan,0.550,0.535,Results/metrics,Vijay Kedia-backed TAC InfoSec hits 5% upper circuit as PAT surges 138% YoY,
ADOR,2025-10-17T00:00:00,1175.75,1168.1500244140625,0.650599274673611,0.350,0.395,General,Broker’s call: Ador Welding (Hold),
RELIANCE,2025-10-17T00:00:00,1412.5999755859375,1398.300048828125,1.022665111811793,0.550,0.535,Results/metrics,"Reliance Q2 earnings: Investors have been patient, will Mukesh Ambani reward them?",
SURAKSHA,2025-10-17T00:00:00,300.0,300.1499938964844,-0.04997298002148381,0.350,0.395,General,AP govt rolls out Suraksha App to check supply of illicit liquor,
ETERNAL,2025-10-17T00:00:00,341.1499938964844,347.8500061035156,-1.926121054900144,0.550,0.535,Results/metrics,Eternal Q2 Results: Profit falls 63% to Rs 65 cr; revenue jumps 183%,
SHAH,2025-10-17T00:00:00,4.139999866485596,4.260000228881836,-2.816909764057405,0.350,0.395,General,States must set up units to track and repatriate fugitives: Amit Shah,
URBAN,2025-10-17T00:00:00,nan,167.89999389648438,nan,0.350,0.395,General,"Urban India's spending appetite is back, but cautious",
IDBI,2025-10-17T00:00:00,91.69999694824219,92.30999755859375,-0.6608174915879125,0.700,0.640,M&A/JV,"Emirates NBD shuns IDBI Bank acquisition plan, likely to acquire major stake in RBL",
IT,2025-10-17T00:00:00,37.9900016784668,38.599998474121094,-1.5803026418854962,0.350,0.395,General,"Ola launches first ‘non-vehicle’ product ‘Shakti’— It's neither HomePod, nor inverter. What is it?",
MRPL,2025-10-17T00:00:00,140.60000610351562,143.58999633789062,-2.082310962205937,0.350,0.395,General,MRPL looking at buying crudes available at a discount: MD,
STANLEY,2025-10-17T00:00:00,289.70001220703125,290.6499938964844,-0.3268473109933947,0.550,0.535,Results/metrics,"Morgan Stanley equity traders score record quarter, eclipsing Goldman Sachs",
SWIGGY,2025-10-17T00:00:00,425.79998779296875,448.3999938964844,-5.040144159487425,0.350,0.395,General,"Dhanteras 2025: Swiggy Instamart to deliver 1 kg silver bricks, up to 10 gram gold to your doorstep in select cities",
TVVISION,2025-10-17T00:00:00,6.369999885559082,6.409999847412109,-0.624024380736552,0.468,0.477,Results/metrics,"IOB Q2 Results: Profit jumps 58% YoY to Rs 1,226 crore as provisions drop",
IRMENERGY,2025-10-17T00:00:00,325.79998779296875,332.3999938964844,-1.9855614394418404,0.297,0.358,General,Shyam Metalics and Energy plans to double export revenue to $300 million by 2031,
TATACOMM,2025-10-17T00:00:00,1936.199951171875,1971.300048828125,-1.7805558152913297,0.297,0.358,General,Tata Communications eyes tie-up with TCS on $6.5 billion data centre push,
TATASTEEL,2025-10-17T00:00:00,171.74000549316406,174.0,-1.2988474177218032,0.297,0.358,General,'Expanding opportunities': Tata Steel to include female staff in all three shifts at Jamshedpur plant,
BAJAJFINSV,2025-10-17T00:00:00,2084.10009765625,2090.199951171875,-0.29183110028325776,0.297,0.358,General,"Samvat 2082: Bajaj Finserv AMC’s Nimesh Chandan says market like a coiled spring, poised for a rerating",
AIRTELPP,2025-10-17T00:00:00,nan,nan,nan,0.297,0.358,General,"Top gainers & losers today, 16 October: Kotak Bank, Titan, Axis Bank lead rally; Infosys, Bharti Airtel edge lower",
V2RETAIL,2025-10-17T00:00:00,2245.0,2282.60009765625,-1.6472485782707793,0.297,0.358,General,"Mall giants Nexus, Phoenix, DLF, K Raheja and Lakeshore to control 60% of India’s organised retail space: ANAROCK",
UMAEXPORTS,2025-10-17T00:00:00,50.59000015258789,50.959999084472656,-0.7260575716876397,0.297,0.358,General,"Oilmeal exports flat in H1 2025-26, despite 40% increase in September",
TATAINVEST,2025-10-17T00:00:00,896.0,906.0,-1.1037527593818985,0.595,0.567,M&A/JV,Tata Motors shares rise 2%. What should investors do after demerger?,
CHEMBONDCH,2025-10-17T00:00:00,152.38999938964844,153.0,-0.39869320938010616,0.595,0.567,M&A/JV,Paradeep Phosphates completes merger with Mangalore Chemicals and Fertilizers,
INFY,2025-10-17T00:00:00,1438.800048828125,1471.5,-2.2222189039670406,0.340,0.388,Management,"Does Trump's $100,000 H-1B visa fee hike impact Infosys? Here's what CEO Salil Parekh says — ‘We reached out to…’",
BEWLTD,2025-10-17T00:00:00,nan,129.1999969482422,nan,0.297,0.358,General,Broker’s call: Elecon Engineering (Buy),
IOC,2025-10-17T00:00:00,152.42999267578125,153.6699981689453,-0.8069275121620009,0.297,0.358,General,SpiceJet expands connectivity to Bihar ahead of Chhath Puja and Diwali from key Indian cities,
CYIENTDLM,2025-10-17T00:00:00,443.1000061035156,441.8500061035156,0.28290143323142847,0.468,0.477,Results/metrics,"Cyient Q2 profit drops 40% YoY amid wage hikes, seasonal headwinds",
EXCEL,2025-10-17T00:00:00,1.5499999523162842,1.4800000190734863,4.7297251581536734,0.297,0.264,General,Tata Power launches Solar Skill Centres of Excellence in Tamil Nadu,
TRU,2025-10-17T00:00:00,9.800000190734863,10.109999656677246,-3.066265840450753,0.297,0.358,General,Trump claims Modi assured India will stop buying Russian oil,
SIL,2025-10-17T00:00:00,18.709999084472656,19.18000030517578,-2.4504755642589524,0.297,0.358,General,Silver's great disconnect: MCX prices soar but ETFs crash 8%. What's really happening?,
