ticker,asof,price,prev_close,live_ret,news_certainty,trust_score,event_type,title,source
RELIANCE,2025-10-20T00:00:00,1466.800048828125,1416.800048828125,3.529079494411113,0.350,0.395,General,"Mcap: 7 of top-10 most valued firms surges by ₹2.16 lakh cr; Reliance, Airtel biggest gainers",
BSE,2025-10-20T00:00:00,2494.10009765625,2485.60009765625,0.3419697322998545,0.350,0.395,General,"Muhurat Trading 2025: Check timings, settlement rules, market schedule for NSE, BSE, MCX",
ETERNAL,2025-10-20T00:00:00,338.1499938964844,342.6499938964844,-1.3132934715181883,0.350,0.395,General,Zomato-parent Eternal receives  ₹64.17 crore state tax notice from Uttar Pradesh government — Here's what we know,
ARABIAN,2025-10-20T00:00:00,nan,75.94999694824219,nan,0.350,0.395,General,IMD pushes timeline for Arabian Sea depression to Monday,
PREMIUM,2025-10-20T00:00:00,nan,nan,nan,0.350,0.395,General,"Premium and tier-2 markets set for record-breaking demand this festive season, say developers",
TECH,2025-10-20T00:00:00,37.630001068115234,37.25,1.0201370956113673,0.350,0.395,General,NCLT admits insolvency case against Blu-Smart Mobility Tech,
PNB,2025-10-20T00:00:00,118.0999984741211,113.69999694824219,3.8698343394695494,0.550,0.535,Results/metrics,PNB shares rise 2% after Q2FY26 profit climbs 14% YoY. Brokerage raises target price to Rs 122,
POLYCAB,2025-10-20T00:00:00,7673.5,7439.5,3.1453726728946836,0.550,0.535,Results/metrics,"Polycab India shares rise over 3% as Q2 profit jumps 56% YoY. Should you buy, sell or hold?",
SOUTHBANK,2025-10-20T00:00:00,37.72999954223633,32.650001525878906,15.558951849760053,0.297,0.358,General,"Gainers & Losers: RIL,  South Indian Bank among 7 stocks that moved most today. Here’s why",
RPOWER,2025-10-20T00:00:00,44.15999984741211,44.63999938964844,-1.0752678064499148,0.680,0.626,Order/contract,Reliance to start solar power generation from Kutch project in H1 FY27,
HDFCNIFBAN,2025-10-20T00:00:00,59.54999923706055,59.13999938964844,0.6932699554337054,0.297,0.358,General,"Market Wrap: Sensex jumps 411 pts, Nifty tops 25,800 as Reliance, HDFC Bank rally post-earnings",
TATAMOTORS,2025-10-20T00:00:00,399.75,396.6000061035156,0.7942495834612272,0.468,0.477,Results/metrics,Tata Motors records 30% growth in Dhanteras sales after GST rate cut,
V2RETAIL,2025-10-20T00:00:00,2258.10009765625,2309.300048828125,-2.2171199103320016,0.297,0.358,General,Retail inflation expected to decline on high base and GST reform impact in October: Report,
ITCHOTELS,2025-10-20T00:00:00,219.41000366210938,217.1300048828125,1.050061588921078,0.680,0.626,Order/contract,Gstaad Hotels insolvency: Former director moves Supreme Court against appellate tribunal order,
CCCL,2025-10-20T00:00:00,24.84000015258789,23.469999313354492,5.837242775094008,0.297,0.358,General,"Consortium of homegrown start-ups, companies on a spree to make smart villages across India",
PSPPROJECT,2025-10-20T00:00:00,791.8499755859375,750.5499877929688,5.502629866721271,0.680,0.626,Order/contract,Sobha to launch ₹22K cr worth housing projects over 18 months,
TECHM,2025-10-20T00:00:00,1444.4000244140625,1447.5999755859375,-0.2210521708927062,0.468,0.477,Results/metrics,Tech-led cost cuts boosted profits: NMPA chief,
INFY,2025-10-20T00:00:00,1460.9000244140625,1441.0999755859375,1.3739538660441992,0.468,0.477,Results/metrics,"Infosys, Wipro, LTIMindtree deliver steady Q2 growth, but Goldman warns AI shift may cap valuations",
SGL,2025-10-20T00:00:00,14.1899995803833,14.279999732971191,-0.6302531811684047,0.468,0.477,Results/metrics,"Global trends, FPIs move, Q2 earnings to guide markets in holiday-shortened week: Analysts",
BFINVEST,2025-10-20T00:00:00,481.70001220703125,481.8500061035156,-0.031128752637631363,0.297,0.358,General,"UK Pension Providers Team Up in Push for Infra, AI Investments",
KORE,2025-10-20T00:00:00,nan,158.0,nan,0.297,0.358,General,Korean business leaders meet Trump amid tariff talks,
BALPHARMA,2025-10-20T00:00:00,80.95999908447266,80.30999755859375,0.809365640192765,0.297,0.358,General,Novo Nordisk hires US pharma veteran as Trump pricing pressure mounts,
BIL,2025-10-20T00:00:00,742.4500122070312,755.5499877929688,-1.7338330749238364,0.297,0.358,General,Billionaire bidders must show the money in Jaypee insolvency face-off,
ZENTEC,2025-10-20T00:00:00,1373.0999755859375,1376.5999755859375,-0.25424960497404164,0.297,0.358,General,Tata Technologies gets PL Capital upgrade after a 40% crash halves PE. Is it a value buy now?,
ENGINERSIN,2025-10-20T00:00:00,198.16000366210938,198.72999572753906,-0.28681732888031286,0.297,0.358,General,HAL to begin deliveries of indigenous HTT-40 trainer aircraft from February 2026 after Honeywell engine supply delays,
BANKINDIA,2025-10-20T00:00:00,129.77000427246094,123.11000061035156,5.409799065137342,0.297,0.358,General,"Indian Bank, PNB and 3 other PSU bank stocks hit 52-week high; gain up to 16% in a month",
IBLFL,2025-10-20T00:00:00,nan,66.5,nan,0.297,0.358,General,"Wipro, Muthoot Finance among 7 F&O stocks that saw a high increase in futures open interest",
BEL,2025-10-20T00:00:00,416.5,412.79998779296875,0.8963208130923963,0.297,0.321,General,Below the line,
TI,2025-10-20T00:00:00,488.0,470.29998779296875,3.763557870816486,0.297,0.358,General,BIAL woos Tiruppur exporters to use the Kempegowda airport,
IT,2025-10-20T00:00:00,38.369998931884766,38.06999969482422,0.7880200668909727,0.297,0.358,General,Chip Firm Arrow Says Its Units To Be Removed from US Blacklist,
LT,2025-10-20T00:00:00,3872.699951171875,3839.39990234375,0.8673243130468666,0.297,0.358,General,NCLT dismisses insolvency plea against ZTE filed by TVS Supply Chain,
