ticker,asof,price,prev_close,live_ret,news_certainty,trust_score,event_type,title,source
IT,2025-09-26T13:35:27,,,,0.680,0.626,Order/contract,How many banking deals have been struck in Italy in the past year?,www.livemint.com
GLENMARK,2025-09-26T13:35:27,,,,0.800,0.710,Order/contract,Glenmark inks $18 million deal for cancer drug with China’s Hengrui,www.livemint.com
COROMANDEL,2025-09-26T13:35:27,,,,0.350,0.395,General,"Coromandel, Veolia sign pact to expand desalination plant in Vizag",www.thehindubusinessline.com
POLYCAB,2025-09-26T13:35:27,,,,0.800,0.710,Order/contract,Polycab India block deal: Promoters likely to sell 0.8% stake worth Rs 887 crore on Thursday: Report,economictimes.indiatimes.com
BEL,2025-09-26T13:35:27,,,,0.350,0.320,General,"L&T, BEL join hands to bid for building India’s 5th-generation fighter jet",www.thehindubusinessline.com
SIRCA,2025-09-26T13:35:27,,,,0.350,0.395,General,Broker’s call: Sirca Paints (Buy),www.thehindubusinessline.com
CRISIL,2025-09-26T13:35:27,,,,0.350,0.395,General,Crisil to acquire McKinsey PriceMetrix Co,www.thehindubusinessline.com
CESC,2025-09-26T13:35:27,,,,0.350,0.395,General,CESC raises Rs 300 cr via NCDs,economictimes.indiatimes.com
ATUL,2025-09-26T13:35:27,,,,0.800,0.710,Order/contract,GPT Infraprojects board elevates Atul Tantia to Joint MD & CFO; Om Tantia appointed as new chairman,www.livemint.com
ARABIAN,2025-09-26T13:35:27,,,,0.350,0.395,General,"Saudi Arabian stock index jump 5%, most in 5 years on report of easing of foreign ownership rules",economictimes.indiatimes.com
CONS,2025-09-26T13:35:27,,,,0.297,0.358,General,India’s Top Utility Considers Bulk Purchase of Nuclear Reactors,www.livemint.com
CROWN,2025-09-26T13:35:27,,,,0.350,0.395,General,"Logistics giant Crown expands in India with 57,000 sq ft Ramasandra facility",www.thehindubusinessline.com
WEALTH,2025-09-26T13:35:27,,,,0.350,0.395,General,"Wealth Company MF launches NFOs in flexi cap, arbitrage, ethical, liquid funds",www.thehindubusinessline.com
EPACK,2025-09-26T13:35:27,,,,0.460,0.472,IPO/listing,Epack Prefab Technologies IPO: Issue subscribed 30% on Day 1. Check GMP and other key details,economictimes.indiatimes.com
LT,2025-09-26T13:35:27,,,,0.595,0.567,M&A/JV,NCLT approves merger of Piramal Enterprises with Piramal Finance; Anand Piramal named chairman,www.thehindubusinessline.com
EDELWEISS,2025-09-26T13:35:27,,,,0.247,0.323,General,Edelweiss Financial Services launches Rs 300 crore NCD issue with 10.25% yield,economictimes.indiatimes.com
OIL,2025-09-26T13:35:27,,,,0.800,0.710,Order/contract,Oil Firms Agree Deal With Iraq to Resume Kurdistan Exports,www.livemint.com
IDEA,2025-09-26T13:35:27,,,,0.595,0.567,M&A/JV,IdeaForge shares jump over 5% from day’s low on JV with US firm to manufacture drones,economictimes.indiatimes.com
MAGNUM,2025-09-26T13:35:27,,,,0.350,0.395,General,SBI launches first SIF Magnum Hybrid Long Short Fund,www.thehindubusinessline.com
RICHA,2025-09-26T13:35:27,,,,0.297,0.358,General,Bajaj Electricals acquire Morphy Richard’s brand rights,www.thehindubusinessline.com
SCI,2025-09-26T13:35:27,,,,0.297,0.358,General,Scientists find stem rot resistance genes,www.thehindubusinessline.com
KEL,2025-09-26T13:35:27,,,,0.297,0.358,General,From Anna Salai to Dalal Street: How Arihant won Sacheti and Kela,www.livemint.com
OLECTRA,2025-09-26T13:35:27,,,,0.350,0.395,General,Mahesh Babu Subramanian is new MD of Olectra Greentech,www.thehindubusinessline.com
LODHA,2025-09-26T13:35:27,,,,0.350,0.395,General,Who is Rajendra Lodha? Ex-director of Lodha Developers arrested in alleged fraud,www.livemint.com
DRONE,2025-09-26T13:35:27,,,,0.350,0.395,General,Russia Black Sea Oil Ports Pause Loadings After Drone Alerts,www.livemint.com
GLOBAL,2025-09-26T13:35:27,,,,0.247,0.323,General,HSBC Global expects Sensex to hit 96k by next year-end,www.thehindubusinessline.com
STAR,2025-09-26T13:35:27,,,,0.297,0.358,General,‘Startup Singam’ makers Baanhem Ventures raises second round of funding from marquee  investors,www.thehindubusinessline.com
BANG,2025-09-26T13:35:27,,,,0.297,0.358,General,"High prices deter importers of Bangladeshi hilsa, the ‘Queen of Fish’",www.thehindubusinessline.com
SERVICE,2025-09-26T13:35:27,,,,0.210,0.297,General,Edelweiss Financial Services launches Rs 300 crore NCD issue with 10.25% yield,economictimes.indiatimes.com
RETAIL,2025-09-26T13:35:27,,,,0.468,0.446,Results/metrics,Retailers see double-digit growth this festival season with GST cuts boosting sales,www.thehindubusinessline.com
MCX,2025-09-26T13:35:27,,,,0.350,0.395,General,"Commodity Talk: MCX crude oil consolidating within a bearish triangle pattern. Should you buy, sell or hold?",economictimes.indiatimes.com
TECH,2025-09-26T13:35:27,,,,0.391,0.423,IPO/listing,Epack Prefab Technologies IPO: Issue subscribed 30% on Day 1. Check GMP and other key details,economictimes.indiatimes.com
BIL,2025-09-26T13:35:27,,,,0.297,0.358,General,Billionaire Salinas Briefly Threatened With Arrest in AT&T Suit,www.livemint.com
TI,2025-09-26T13:35:27,,,,0.297,0.358,General,Investment TIPS: Why Ray Dalio prefers inflation-protected govt bonds over zero-sum game equities?,economictimes.indiatimes.com
STEL,2025-09-26T13:35:27,,,,0.297,0.358,General,Stellantis to Pause Production at Plants Due to Weak Demand,www.livemint.com
SBC,2025-09-26T13:35:27,,,,0.210,0.297,General,HSBC Global expects Sensex to hit 96k by next year-end,www.thehindubusinessline.com
PAR,2025-09-26T13:35:27,,,,0.210,0.297,General,"Autos, IT and Metals: Parag Thakkar’s sectoral playbook for investors",economictimes.indiatimes.com
MOS,2025-09-26T13:35:27,,,,0.297,0.358,General,The AI Threat to Europes Most Valuable Software Company,www.livemint.com
TRUST,2025-09-26T13:35:27,,,,0.210,0.297,General,Vijay Singh’s forced exit at Tata Sons bares a deep divide at Tata Trusts,www.livemint.com
MIDCAP,2025-09-26T13:35:27,,,,0.389,0.422,Results/metrics,Midcap Momentum: 7 stocks reporting rising EPS for 4 consecutive quarters,economictimes.indiatimes.com
MOMENTUM,2025-09-26T13:35:27,,,,0.389,0.422,Results/metrics,Midcap Momentum: 7 stocks reporting rising EPS for 4 consecutive quarters,economictimes.indiatimes.com
METAL,2025-09-26T13:35:27,,,,0.210,0.297,General,"Autos, IT and Metals: Parag Thakkar’s sectoral playbook for investors",economictimes.indiatimes.com
TRU,2025-09-26T13:35:27,,,,0.210,0.297,General,Vijay Singh’s forced exit at Tata Sons bares a deep divide at Tata Trusts,www.livemint.com
KEN,2025-09-26T13:35:27,,,,0.297,0.358,General,Tylenol Maker Kenvue Faces Mounting Crisis After Trump Blast,www.livemint.com
