ticker,asof,price,prev_close,live_ret,news_certainty,trust_score,event_type,title,source
HYUNDAI,2025-10-15T00:00:00,2457.0,2411.89990234375,1.8698992280908606,0.350,0.395,General,"Hyundai India to invest ₹45,000 cr by 2030, to roll out 26 new models",
IOC,2025-10-15T00:00:00,154.47000122070312,152.80999755859375,1.0863187544210646,0.297,0.358,General,"Indian Oil’s capex likely to be at around ₹40,000 cr in FY27-29",
UMAEXPORTS,2025-10-15T00:00:00,46.95000076293945,47.310001373291016,-0.7609397588282502,0.297,0.358,General,Mobile phone exports grow 60% y-o-y to $13.5 billion in April-September,
MARUTI,2025-10-15T00:00:00,16277.0,16261.0,0.09839493266096797,0.350,0.395,General,Maruti Suzuki inks pact with Tamil Nadu govt to automate driving test tracks across the state,
BEWLTD,2025-10-15T00:00:00,nan,125.5,nan,0.297,0.358,General,Chennai-based Trusted Aerospace Engineering acquires US’ Joined Alloys for ₹106 crore,
AJMERA,2025-10-15T00:00:00,1039.449951171875,1026.0999755859375,1.3010404350038325,0.350,0.395,General,"Dhaval Ajmera, the Lazy Ironman, on building skyscrapers and stamina",
SUPREME,2025-10-15T00:00:00,87.05000305175781,89.33000183105469,-2.552332623488491,0.750,0.675,Regulatory,"Supreme Court seeks Centre, SEBI response on Sahara plea to sell 88 properties to Adani",
GOENKA,2025-10-15T00:00:00,1.0700000524520874,1.0700000524520874,0.0,0.350,0.395,General,FICCI names Anant Goenka as President-Elect for 2025-26,
IT,2025-10-15T00:00:00,38.45000076293945,38.33000183105469,0.3130679002147695,0.350,0.395,General,"THIS 32-year-old billionaire leads with 13.22 lakh LinkedIn followers. It's not Alakh Pandey, nor Meesho's Vidit Aatrey",
TCS,2025-10-15T00:00:00,2970.0,2960.300048828125,0.3276678381204925,0.350,0.395,General,TCS' $6.5 billion gamble: Building the data factories that could define India’s AI,
NUVAMA,2025-10-15T00:00:00,7215.0,7145.5,0.9726401231544328,0.350,0.395,General,Diwali 2025 Picks: Nuvama selects 5 technically strong stocks poised for upside this Samvat 2082,
SWIGGY,2025-10-15T00:00:00,437.5,440.1499938964844,-0.6020660986553614,0.350,0.395,General,Stock to buy today: Swiggy (₹440.20) – BUY,
ZAGGLE,2025-10-15T00:00:00,354.79998779296875,344.70001220703125,2.930076944665533,0.350,0.395,General,Zaggle ropes in Ayush Mhatre as brand ambassador,
IREDA,2025-10-15T00:00:00,158.10000610351562,154.52000427246094,2.316853308353634,0.550,0.535,Results/metrics,IREDA shares slip nearly 3% a day after Q2 results as investors book profits,
SGL,2025-10-15T00:00:00,14.220000267028809,14.130000114440918,0.6369437498865276,0.680,0.626,Order/contract,‘Global spice industry projected to reach $41.9 billion by 2033’,
BFINVEST,2025-10-15T00:00:00,475.20001220703125,473.6499938964844,0.3272497267012801,0.297,0.358,General,QRG Investments offloads 3.4% stake in Awfis for ₹141 crore; HSBC MF steps in,
SIGNPOST,2025-10-15T00:00:00,247.25,240.5500030517578,2.7852824208032065,0.680,0.626,Order/contract,Infosys wins £1.2 billion NHS contract; signals revival for Indian IT,
AWFIS,2025-10-15T00:00:00,573.0499877929688,575.8499755859375,-0.48623563630782707,0.350,0.395,General,"Stocks to watch today: Lemon Tree, Zomato, Ola, Kirloskar Ferrous, Anant Raj, Awfis and more in spotlight",
TATAMOTORS,2025-10-15T00:00:00,391.54998779296875,395.45001220703125,-0.9862243756919414,0.552,0.537,IPO/listing,"Tata Motors demerger: Listing date, share price and what's next for 67 lakh shareholders",
BSE500IETF,2025-10-15T00:00:00,39.47999954223633,39.06999969482422,1.0493981331318616,0.297,0.358,General,From Tatas to Adanis: Why ICICI Prudential is backing India’s conglomerates for long-term wealth creation,
CYIENTDLM,2025-10-15T00:00:00,446.20001220703125,468.1499938964844,-4.688664311786069,0.468,0.477,Results/metrics,Cyient DLM shares in focus after Q2 profit more than doubles despite revenue decline,
V2RETAIL,2025-10-15T00:00:00,2370.0,2333.199951171875,1.5772351105031428,0.297,0.358,General,Chasing higher returns: RBI’s Retail Direct platform sees healthy retail investor interest,
IRMENERGY,2025-10-15T00:00:00,330.20001220703125,325.5,1.4439361619143625,0.297,0.358,General,"MCX India, BGR Energy and 2 other stocks that witnessed 5-year swing high breakout",
M&M,2025-10-15T00:00:00,3485.10009765625,3459.800048828125,0.7312575429523571,0.468,0.477,Results/metrics,"Tech Mahindra posts modest revenue growth, but margins hit new high",
AXISCADES,2025-10-15T00:00:00,1602.0,1545.5,3.6557748301520547,0.468,0.477,Results/metrics,"Q2 Results Live Today: Axis Bank, IRFC, HDFC AMC, HBD Financial, Tata Comm, KEI Ind, Angel One, L&T finance, HDFC Life to announce Q2 results, Tech Mahindra, BoM, IREDA shares in focus",
DCXINDIA,2025-10-15T00:00:00,233.60000610351562,231.42999267578125,0.9376543647799471,0.468,0.477,Results/metrics,Persistent Systems shares jump 7% on strong Q2 earnings; brokers raise target prices,
TATACOMM,2025-10-15T00:00:00,1901.9000244140625,1872.5999755859375,1.5646720714581341,0.595,0.567,M&A/JV,Tata Motors commences trade after demerger,
TRU,2025-10-15T00:00:00,10.149999618530273,9.880000114440918,2.7327884712745676,0.297,0.358,General,"Trump warns US may cut China trade, including cooking oil, over soybean dispute",
DCMFINSERV,2025-10-15T00:00:00,5.429999828338623,5.5,-1.2727303938432173,0.468,0.477,Results/metrics,"Public sector banks outperform private peers in credit growth, says  Financial Services Secretary Nagaraju",
SIL,2025-10-15T00:00:00,18.25,17.739999771118164,2.874860402829026,0.297,0.358,General,Silver soars to record high of $53/oz as supply shortage surges across the globe,
IBLFL,2025-10-15T00:00:00,nan,68.80000305175781,nan,0.297,0.358,General,Broker’s call: Sundaram Finance (Add),
BALPHARMA,2025-10-15T00:00:00,81.91000366210938,82.08000183105469,-0.2071127743091671,0.297,0.358,General,Roche moves Supreme Court against Natco Pharma over sale of generic Risdiplam in India,
ZENTEC,2025-10-15T00:00:00,1370.0,1362.5999755859375,0.5430812084728229,0.468,0.477,Results/metrics,Thyrocare Technologies shares soar 16% to fresh 52-week high after Q2 PAT grows 82% YoY,
INDIAMART,2025-10-15T00:00:00,2351.60009765625,2334.800048828125,0.7195497891374991,0.297,0.358,General,"MCX India, IREDA and 4 other F&O stocks saw a high increase in futures open interest",
ZEEL,2025-10-15T00:00:00,109.72000122070312,109.16000366210938,0.5130061742459718,0.297,0.358,General,"TCS, Google Cloud ink pact to integrate Gemini Enterprise for workforce and customers",
STCINDIA,2025-10-15T00:00:00,136.49000549316406,134.25,1.6685329558019089,0.297,0.358,General,HDFC Life Share Price Live Updates: HDFC Life Current Trading Status,
