ticker,asof,price,prev_close,live_ret,news_certainty,trust_score,event_type,title,source
V2RETAIL,2025-10-17T00:00:00,2309.300048828125,2282.60009765625,1.1697165525967617,0.468,0.477,Results/metrics,"Reliance Retail Q2 consolidated profit up 22% at  ₹3,457 crore",
RADICO,2025-10-17T00:00:00,3108.5,2997.89990234375,3.689252518730967,0.350,0.395,General,Radico Khaitan expands Morpheus Whisky to four new states,
CCCL,2025-10-17T00:00:00,23.469999313354492,23.979999542236328,-2.1267733053270703,0.468,0.477,Results/metrics,"UltraTech Cement Q2 results: Cons PAT zooms 75% YoY  to Rs 1,232 crore, net sales jump 21%",
CONNPLEX,2025-10-17T00:00:00,nan,nan,nan,0.350,0.395,General,"Connplex Cinemas opens in Maharashtra, Odisha",
MARUTI,2025-10-17T00:00:00,16401.0,16298.0,0.6319793839734936,0.350,0.395,General,Maruti Suzuki India records highest-ever Dhanteras sales this year,
SOBHA,2025-10-17T00:00:00,1525.800048828125,1546.5,-1.3385031472276108,0.550,0.535,Results/metrics,Sobha Q2 FY26 PAT surges 178% to ₹73 cr on strong sales,
RELIANCE,2025-10-17T00:00:00,1416.800048828125,1398.300048828125,1.3230350678671805,0.550,0.535,Results/metrics,Reliance Q2 results: Profit surges 16% as all three engines gain steam,
TCS,2025-10-17T00:00:00,2962.199951171875,2970.699951171875,-0.2861278533581602,0.350,0.395,General,"TCS to retrain 1,00,000 employees every year amid AI-driven changes. Here's what CTO Harrick Vin says",
CURRENT,2025-10-17T00:00:00,nan,nan,nan,0.350,0.395,General,"Current account deficit likely to stay in check at 1.2-1.5% of GDP, progress on India-US trade talks will be crucial: Report",
BFSI,2025-10-17T00:00:00,28.43000030517578,28.18000030517578,0.8871540003286759,0.350,0.395,General,"Samvat 2082 Outlook: BFSI, hospitals, travel in focus, says Kotak’s Chouhan",
INTERNET,2025-10-17T00:00:00,14.710000038146973,14.859999656677246,-1.0094187213717198,0.350,0.395,General,‘Dead Internet Theory’ explained: Why Reddit founder blames 'quasi AI' and ‘LinkedIn slop’ for killing the web,
IT,2025-10-17T00:00:00,38.06999969482422,38.599998474121094,-1.3730538866528876,0.350,0.395,General,It's HBO's ‘Silicon Valley’ in India as hacker houses catch on — minus the profanities and open bathrobes,
DIXON,2025-10-17T00:00:00,16700.0,16844.0,-0.8549038233198766,0.550,0.535,Results/metrics,"Dixon meets Q2 revenue target, bets on components to fuel growth",
ETERNAL,2025-10-17T00:00:00,342.6499938964844,347.8500061035156,-1.494900708865819,0.550,0.535,Results/metrics,"Mint Explainer | How Zomato, Blinkit-parent Eternal makes a profit when its quick-commerce business is yet to break even",
SAIL,2025-10-17T00:00:00,128.67999267578125,131.3800048828125,-2.055116537284033,0.350,0.395,General,SAIL: What should investors do after a 50% rally in 3 years,
SGL,2025-10-17T00:00:00,14.279999732971191,14.130000114440918,1.0615684169526172,0.297,0.358,General,Global Startup Summit in Coimbatore draws ₹127 cr investment,
BIL,2025-10-17T00:00:00,755.5499877929688,769.25,-1.7809570629874878,0.297,0.358,General,University of California Wants to Bet $2.4 Billion on Big 10,
TECH,2025-10-17T00:00:00,37.25,37.880001068115234,-1.6631495521406563,0.297,0.358,General,"UltraTech plans fresh capex of ₹10,255 cr",
ZENTEC,2025-10-17T00:00:00,1376.5999755859375,1349.699951171875,1.9930373703212032,0.468,0.477,Results/metrics,Dixon Technologies net profit jumps 86% to ₹746 crore in September quarter,
DALBHARAT,2025-10-17T00:00:00,2245.10009765625,2224.39990234375,0.9305968450497205,0.468,0.477,Results/metrics,Sequential price weakness halves Dalmia Bharat's Q2 profit despite strong annual growth,
HINDZINC,2025-10-17T00:00:00,500.25,506.70001220703125,-1.272944948024958,0.468,0.477,Results/metrics,"Silver surge, weak rupee lift Hindustan Zinc’s Q2 profit despite lower output",
TATAMOTORS,2025-10-17T00:00:00,396.6000061035156,396.79998779296875,-0.050398612803754884,0.595,0.567,M&A/JV,Should you buy Tata Motors after the demerger?,
CPCAP,2025-10-17T00:00:00,110.0,111.48999786376953,-1.3364408398232914,0.297,0.358,General,Mastering Derivatives: Trading capital matters,
GUJGASLTD,2025-10-17T00:00:00,420.29998779296875,419.8999938964844,0.09525932419589016,0.297,0.358,General,"Reviving Gujarat’s potato belt: Science, stewardship and shared responsibility",
PROPEQUITY,2025-10-17T00:00:00,184.0,184.0,0.0,0.595,0.567,M&A/JV,"ICRA completes acquisition of Fintellix India, expanding risk analytics portfolio",
IOC,2025-10-17T00:00:00,152.91000366210938,153.6699981689453,-0.49456270963210197,0.680,0.626,Order/contract,Indian IT firms sustain large deal momentum despite weak macroenvironment,
JKCEMENT,2025-10-17T00:00:00,6490.0,6555.0,-0.9916094584286803,0.468,0.477,Results/metrics,UltraTech Cement Q2 profit misses analyst estimate on lower volumes and higher costs,
TRU,2025-10-17T00:00:00,9.930000305175781,10.109999656677246,-1.7804090763008338,0.297,0.358,General,"Trump approves expanding credits for US auto production, issues new 25% truck duties",
RBMINFRA,2025-10-17T00:00:00,422.75,427.20001220703125,-1.041669494352605,0.297,0.358,General,"Tech Query: Kalyan Jewellers India, Man Infraconstructions, IKIO Technologies, GoodLuck India; what is the outlook & where are these stocks headed?",
SCI,2025-10-17T00:00:00,225.2100067138672,228.8000030517578,-1.5690543225554576,0.297,0.358,General,"India’s agri-climate moment: Science, will and the farmer at the centre",
SIL,2025-10-17T00:00:00,18.950000762939453,19.18000030517578,-1.1991633919539721,0.468,0.477,Results/metrics,Gold and Silver see sharp correction after record rally; experts say fall is due to profit booking,
ACCENTMIC,2025-10-17T00:00:00,283.54998779296875,270.79998779296875,4.708271999534799,0.297,0.358,General,Accelerated provisions on microfinance business drag IndusInd Bank’s bottomline into the red,
MOS,2025-10-17T00:00:00,24.049999237060547,24.950000762939453,-3.6072204343005945,0.297,0.358,General,Every inch of Pakistan now within BrahMos’ reach: Rajnath,
NETF,2025-10-17T00:00:00,277.44000244140625,275.2699890136719,0.7883218346866706,0.297,0.358,General,"Wall Street Week Ahead: US stocks to be tested by Tesla, Netflix earnings and delayed CPI report",
IBLFL,2025-10-17T00:00:00,66.5,66.5,0.0,0.468,0.477,Results/metrics,"Piramal Finance Q2 profit rises 2x, Poonawalla Fincorp back in black",
PSB,2025-10-17T00:00:00,29.600000381469727,30.239999771118164,-2.116400114062477,0.297,0.358,General,PSBs reap gains from rising interest income,
