ticker,asof,price,prev_close,live_ret,news_certainty,trust_score,event_type,title,source
WIPRO,2025-10-16T00:00:00,253.80999755859375,250.2100067138672,1.4387877175685488,0.550,0.535,Results/metrics,"Wipro Q2 net profit inches up to ₹3,246 cr; revenue rises 1.7% to ₹22,697 crore",
CCCL,2025-10-16T00:00:00,23.979999542236328,23.270000457763672,3.051134810939706,0.297,0.358,Dividend/return,"Waaree Energies Q2 Results: Cons PAT skyrockets 133% YoY to Rs 842 crore, revenue surges 70%. Check dividend",
CRAFTSMAN,2025-10-16T00:00:00,6800.5,6424.0,5.860834371108344,0.350,0.395,General,Craftsman Automation starts commercial operations at its new facility in Hosur,
TAC,2025-10-16T00:00:00,nan,715.4000244140625,nan,0.550,0.535,Results/metrics,Vijay Kedia-backed TAC InfoSec hits 5% upper circuit as PAT surges 138% YoY,
ADOR,2025-10-16T00:00:00,1168.1500244140625,1193.0999755859375,-2.0911869652517554,0.350,0.395,General,Broker’s call: Ador Welding (Hold),
RELIANCE,2025-10-16T00:00:00,1398.300048828125,1374.300048828125,1.7463435310553153,0.550,0.535,Results/metrics,"Reliance Q2 earnings: Investors have been patient, will Mukesh Ambani reward them?",
SURAKSHA,2025-10-16T00:00:00,300.1499938964844,295.1499938964844,1.6940539059450601,0.350,0.395,General,AP govt rolls out Suraksha App to check supply of illicit liquor,
ETERNAL,2025-10-16T00:00:00,347.8500061035156,354.3500061035156,-1.8343445429774219,0.550,0.535,Results/metrics,Eternal Q2 Results: Profit falls 63% to Rs 65 cr; revenue jumps 183%,
SHAH,2025-10-16T00:00:00,4.260000228881836,4.190000057220459,1.6706484655232514,0.350,0.395,General,States must set up units to track and repatriate fugitives: Amit Shah,
URBAN,2025-10-16T00:00:00,nan,166.5500030517578,nan,0.350,0.395,General,"Urban India's spending appetite is back, but cautious",
IDBI,2025-10-16T00:00:00,92.30999755859375,93.1500015258789,-0.9017755808106848,0.700,0.640,M&A/JV,"Emirates NBD shuns IDBI Bank acquisition plan, likely to acquire major stake in RBL",
IT,2025-10-16T00:00:00,38.599998474121094,38.4900016784668,0.2857801788973018,0.350,0.395,General,"Ola launches first ‘non-vehicle’ product ‘Shakti’— It's neither HomePod, nor inverter. What is it?",
MRPL,2025-10-16T00:00:00,143.58999633789062,142.10000610351562,1.0485504365774527,0.350,0.395,General,MRPL looking at buying crudes available at a discount: MD,
STANLEY,2025-10-16T00:00:00,290.6499938964844,290.3999938964844,0.08608815607934024,0.550,0.535,Results/metrics,"Morgan Stanley equity traders score record quarter, eclipsing Goldman Sachs",
SWIGGY,2025-10-16T00:00:00,448.3999938964844,442.70001220703125,1.2875494764584499,0.350,0.395,General,"Dhanteras 2025: Swiggy Instamart to deliver 1 kg silver bricks, up to 10 gram gold to your doorstep in select cities",
TVVISION,2025-10-16T00:00:00,6.409999847412109,6.369999885559082,0.6279428975141438,0.468,0.477,Results/metrics,"IOB Q2 Results: Profit jumps 58% YoY to Rs 1,226 crore as provisions drop",
IRMENERGY,2025-10-16T00:00:00,332.3999938964844,331.6499938964844,0.22614202134859449,0.297,0.358,General,Shyam Metalics and Energy plans to double export revenue to $300 million by 2031,
TATACOMM,2025-10-16T00:00:00,1971.300048828125,1955.0999755859375,0.8286058740976858,0.297,0.358,General,Tata Communications eyes tie-up with TCS on $6.5 billion data centre push,
TATASTEEL,2025-10-16T00:00:00,174.0,173.24000549316406,0.4386945755816929,0.297,0.358,General,'Expanding opportunities': Tata Steel to include female staff in all three shifts at Jamshedpur plant,
BAJAJFINSV,2025-10-16T00:00:00,2090.199951171875,2084.10009765625,0.2926852468595348,0.297,0.358,General,"Samvat 2082: Bajaj Finserv AMC’s Nimesh Chandan says market like a coiled spring, poised for a rerating",
AIRTELPP,2025-10-16T00:00:00,nan,nan,nan,0.297,0.358,General,"Top gainers & losers today, 16 October: Kotak Bank, Titan, Axis Bank lead rally; Infosys, Bharti Airtel edge lower",
V2RETAIL,2025-10-16T00:00:00,2282.60009765625,2401.699951171875,-4.958981385560338,0.297,0.358,General,"Mall giants Nexus, Phoenix, DLF, K Raheja and Lakeshore to control 60% of India’s organised retail space: ANAROCK",
UMAEXPORTS,2025-10-16T00:00:00,50.959999084472656,50.040000915527344,1.8385254838391467,0.297,0.358,General,"Oilmeal exports flat in H1 2025-26, despite 40% increase in September",
TATAINVEST,2025-10-16T00:00:00,906.0,941.0,-3.7194473963868226,0.595,0.567,M&A/JV,Tata Motors shares rise 2%. What should investors do after demerger?,
CHEMBONDCH,2025-10-16T00:00:00,153.0,154.36000061035156,-0.8810576606465491,0.595,0.567,M&A/JV,Paradeep Phosphates completes merger with Mangalore Chemicals and Fertilizers,
INFY,2025-10-16T00:00:00,1471.5,1474.4000244140625,-0.1966918316631873,0.340,0.388,Management,"Does Trump's $100,000 H-1B visa fee hike impact Infosys? Here's what CEO Salil Parekh says — ‘We reached out to…’",
BEWLTD,2025-10-16T00:00:00,nan,122.0,nan,0.297,0.358,General,Broker’s call: Elecon Engineering (Buy),
IOC,2025-10-16T00:00:00,153.6699981689453,153.69000244140625,-0.013015988120999644,0.297,0.358,General,SpiceJet expands connectivity to Bihar ahead of Chhath Puja and Diwali from key Indian cities,
CYIENTDLM,2025-10-16T00:00:00,441.8500061035156,440.25,0.3634312557673197,0.468,0.477,Results/metrics,"Cyient Q2 profit drops 40% YoY amid wage hikes, seasonal headwinds",
EXCEL,2025-10-16T00:00:00,1.4800000190734863,1.409999966621399,4.964542844622862,0.297,0.358,General,Tata Power launches Solar Skill Centres of Excellence in Tamil Nadu,
TRU,2025-10-16T00:00:00,10.109999656677246,9.930000305175781,1.8126822353433805,0.297,0.358,General,Trump claims Modi assured India will stop buying Russian oil,
SIL,2025-10-16T00:00:00,19.18000030517578,18.260000228881836,5.038335513483628,0.297,0.358,General,Silver's great disconnect: MCX prices soar but ETFs crash 8%. What's really happening?,
