ticker,asof,price,prev_close,live_ret,news_certainty,trust_score,event_type,title,source
WIPRO,2025-10-17T00:00:00,240.89999389648438,253.80999755859375,-5.086483505886727,0.550,0.535,Results/metrics,"Wipro Q2 net profit inches up to ₹3,246 cr; revenue rises 1.7% to ₹22,697 crore",
CCCL,2025-10-17T00:00:00,23.469999313354492,23.979999542236328,-2.1267733053270703,0.297,0.358,Dividend/return,"Waaree Energies Q2 Results: Cons PAT skyrockets 133% YoY to Rs 842 crore, revenue surges 70%. Check dividend",
CRAFTSMAN,2025-10-17T00:00:00,6739.5,6800.5,-0.896992868171458,0.350,0.395,General,Craftsman Automation starts commercial operations at its new facility in Hosur,
TAC,2025-10-17T00:00:00,788.7000122070312,751.1500244140625,4.998999743394772,0.550,0.535,Results/metrics,Vijay Kedia-backed TAC InfoSec hits 5% upper circuit as PAT surges 138% YoY,
ADOR,2025-10-17T00:00:00,1153.449951171875,1168.1500244140625,-1.2584062778717977,0.350,0.395,General,Broker’s call: Ador Welding (Hold),
RELIANCE,2025-10-17T00:00:00,1416.800048828125,1398.300048828125,1.3230350678671805,0.550,0.535,Results/metrics,"Reliance Q2 earnings: Investors have been patient, will Mukesh Ambani reward them?",
SURAKSHA,2025-10-17T00:00:00,300.54998779296875,300.1499938964844,0.13326466920479924,0.350,0.395,General,AP govt rolls out Suraksha App to check supply of illicit liquor,
ETERNAL,2025-10-17T00:00:00,342.6499938964844,347.8500061035156,-1.494900708865819,0.550,0.535,Results/metrics,Eternal Q2 Results: Profit falls 63% to Rs 65 cr; revenue jumps 183%,
SHAH,2025-10-17T00:00:00,4.190000057220459,4.260000228881836,-1.643196429586826,0.350,0.395,General,States must set up units to track and repatriate fugitives: Amit Shah,
URBAN,2025-10-17T00:00:00,166.39999389648438,167.89999389648438,-0.8933889544539216,0.350,0.395,General,"Urban India's spending appetite is back, but cautious",
IDBI,2025-10-17T00:00:00,91.72000122070312,92.30999755859375,-0.6391467376175858,0.700,0.640,M&A/JV,"Emirates NBD shuns IDBI Bank acquisition plan, likely to acquire major stake in RBL",
IT,2025-10-17T00:00:00,38.06999969482422,38.599998474121094,-1.3730538866528876,0.350,0.395,General,"Ola launches first ‘non-vehicle’ product ‘Shakti’— It's neither HomePod, nor inverter. What is it?",
MRPL,2025-10-17T00:00:00,140.8699951171875,143.58999633789062,-1.8942832300813766,0.350,0.395,General,MRPL looking at buying crudes available at a discount: MD,
STANLEY,2025-10-17T00:00:00,290.6000061035156,290.6499938964844,-0.017198621716315348,0.550,0.535,Results/metrics,"Morgan Stanley equity traders score record quarter, eclipsing Goldman Sachs",
SWIGGY,2025-10-17T00:00:00,432.1499938964844,448.3999938964844,-3.6239964810863494,0.350,0.395,General,"Dhanteras 2025: Swiggy Instamart to deliver 1 kg silver bricks, up to 10 gram gold to your doorstep in select cities",
TVVISION,2025-10-17T00:00:00,6.5,6.409999847412109,1.4040585761359436,0.468,0.477,Results/metrics,"IOB Q2 Results: Profit jumps 58% YoY to Rs 1,226 crore as provisions drop",
IRMENERGY,2025-10-17T00:00:00,325.1499938964844,332.3999938964844,-2.1811071399290656,0.297,0.358,General,Shyam Metalics and Energy plans to double export revenue to $300 million by 2031,
TATACOMM,2025-10-17T00:00:00,1926.9000244140625,1971.300048828125,-2.252321986217009,0.297,0.358,General,Tata Communications eyes tie-up with TCS on $6.5 billion data centre push,
TATASTEEL,2025-10-17T00:00:00,172.22000122070312,174.0,-1.0229878041936065,0.297,0.358,General,'Expanding opportunities': Tata Steel to include female staff in all three shifts at Jamshedpur plant,
BAJAJFINSV,2025-10-17T00:00:00,2083.699951171875,2090.199951171875,-0.3109750335778049,0.297,0.358,General,"Samvat 2082: Bajaj Finserv AMC’s Nimesh Chandan says market like a coiled spring, poised for a rerating",
AIRTELPP,2025-10-17T00:00:00,nan,nan,nan,0.297,0.358,General,"Top gainers & losers today, 16 October: Kotak Bank, Titan, Axis Bank lead rally; Infosys, Bharti Airtel edge lower",
V2RETAIL,2025-10-17T00:00:00,2309.300048828125,2282.60009765625,1.1697165525967617,0.297,0.358,General,"Mall giants Nexus, Phoenix, DLF, K Raheja and Lakeshore to control 60% of India’s organised retail space: ANAROCK",
UMAEXPORTS,2025-10-17T00:00:00,49.560001373291016,50.959999084472656,-2.747248305206927,0.297,0.358,General,"Oilmeal exports flat in H1 2025-26, despite 40% increase in September",
TATAINVEST,2025-10-17T00:00:00,889.0,906.0,-1.8763796909492272,0.595,0.567,M&A/JV,Tata Motors shares rise 2%. What should investors do after demerger?,
CHEMBONDCH,2025-10-17T00:00:00,151.36000061035156,153.0,-1.0718950259140114,0.595,0.567,M&A/JV,Paradeep Phosphates completes merger with Mangalore Chemicals and Fertilizers,
INFY,2025-10-17T00:00:00,1441.0999755859375,1471.5,-2.0659207892669045,0.340,0.388,Management,"Does Trump's $100,000 H-1B visa fee hike impact Infosys? Here's what CEO Salil Parekh says — ‘We reached out to…’",
BEWLTD,2025-10-17T00:00:00,122.5,129.1999969482422,-5.185756274379961,0.297,0.358,General,Broker’s call: Elecon Engineering (Buy),
IOC,2025-10-17T00:00:00,152.91000366210938,153.6699981689453,-0.49456270963210197,0.297,0.358,General,SpiceJet expands connectivity to Bihar ahead of Chhath Puja and Diwali from key Indian cities,
CYIENTDLM,2025-10-17T00:00:00,443.70001220703125,441.8500061035156,0.41869550253716864,0.468,0.477,Results/metrics,"Cyient Q2 profit drops 40% YoY amid wage hikes, seasonal headwinds",
EXCEL,2025-10-17T00:00:00,1.5499999523162842,1.4800000190734863,4.7297251581536734,0.297,0.264,General,Tata Power launches Solar Skill Centres of Excellence in Tamil Nadu,
TRU,2025-10-17T00:00:00,9.930000305175781,10.109999656677246,-1.7804090763008338,0.297,0.358,General,Trump claims Modi assured India will stop buying Russian oil,
SIL,2025-10-17T00:00:00,18.950000762939453,19.18000030517578,-1.1991633919539721,0.297,0.358,General,Silver's great disconnect: MCX prices soar but ETFs crash 8%. What's really happening?,
