ticker,asof,price,prev_close,live_ret,news_certainty,trust_score,event_type,title,source
HYUNDAI,2025-10-16T00:00:00,2358.199951171875,2419.60009765625,-2.537615473889688,0.350,0.395,General,"Hyundai India to invest ₹45,000 cr by 2030, to roll out 26 new models",
IOC,2025-10-16T00:00:00,153.6699981689453,153.69000244140625,-0.013015988120999644,0.297,0.358,General,"Indian Oil’s capex likely to be at around ₹40,000 cr in FY27-29",
UMAEXPORTS,2025-10-16T00:00:00,50.959999084472656,50.040000915527344,1.8385254838391467,0.297,0.358,General,Mobile phone exports grow 60% y-o-y to $13.5 billion in April-September,
MARUTI,2025-10-16T00:00:00,16298.0,16212.0,0.5304712558598569,0.350,0.395,General,Maruti Suzuki inks pact with Tamil Nadu govt to automate driving test tracks across the state,
BEWLTD,2025-10-16T00:00:00,nan,122.0,nan,0.297,0.358,General,Chennai-based Trusted Aerospace Engineering acquires US’ Joined Alloys for ₹106 crore,
AJMERA,2025-10-16T00:00:00,1042.8499755859375,1032.1500244140625,1.0366662712573413,0.350,0.395,General,"Dhaval Ajmera, the Lazy Ironman, on building skyscrapers and stamina",
SUPREME,2025-10-16T00:00:00,83.37999725341797,85.61000061035156,-2.6048397862807073,0.750,0.675,Regulatory,"Supreme Court seeks Centre, SEBI response on Sahara plea to sell 88 properties to Adani",
GOENKA,2025-10-16T00:00:00,1.149999976158142,1.1100000143051147,3.603600120498037,0.350,0.395,General,FICCI names Anant Goenka as President-Elect for 2025-26,
IT,2025-10-16T00:00:00,38.599998474121094,38.4900016784668,0.2857801788973018,0.350,0.395,General,"THIS 32-year-old billionaire leads with 13.22 lakh LinkedIn followers. It's not Alakh Pandey, nor Meesho's Vidit Aatrey",
TCS,2025-10-16T00:00:00,2970.699951171875,2969.800048828125,0.03030178223968644,0.350,0.395,General,TCS' $6.5 billion gamble: Building the data factories that could define India’s AI,
NUVAMA,2025-10-16T00:00:00,7225.5,7217.5,0.11084170419120194,0.350,0.395,General,Diwali 2025 Picks: Nuvama selects 5 technically strong stocks poised for upside this Samvat 2082,
SWIGGY,2025-10-16T00:00:00,448.3999938964844,442.70001220703125,1.2875494764584499,0.350,0.395,General,Stock to buy today: Swiggy (₹440.20) – BUY,
ZAGGLE,2025-10-16T00:00:00,354.1499938964844,352.1000061035156,0.582217482940362,0.350,0.395,General,Zaggle ropes in Ayush Mhatre as brand ambassador,
IREDA,2025-10-16T00:00:00,153.1300048828125,154.88999938964844,-1.1362867284984706,0.550,0.535,Results/metrics,IREDA shares slip nearly 3% a day after Q2 results as investors book profits,
SGL,2025-10-16T00:00:00,14.130000114440918,14.479999542236328,-2.4171231965478044,0.680,0.626,Order/contract,‘Global spice industry projected to reach $41.9 billion by 2033’,
BFINVEST,2025-10-16T00:00:00,476.6000061035156,474.8500061035156,0.368537428136519,0.297,0.358,General,QRG Investments offloads 3.4% stake in Awfis for ₹141 crore; HSBC MF steps in,
SIGNPOST,2025-10-16T00:00:00,244.0,244.25,-0.1023541453428864,0.680,0.626,Order/contract,Infosys wins £1.2 billion NHS contract; signals revival for Indian IT,
AWFIS,2025-10-16T00:00:00,569.6500244140625,570.7000122070312,-0.18398243744698728,0.350,0.395,General,"Stocks to watch today: Lemon Tree, Zomato, Ola, Kirloskar Ferrous, Anant Raj, Awfis and more in spotlight",
TATAMOTORS,2025-10-16T00:00:00,396.79998779296875,390.8500061035156,1.5223184332961959,0.552,0.537,IPO/listing,"Tata Motors demerger: Listing date, share price and what's next for 67 lakh shareholders",
BSE500IETF,2025-10-16T00:00:00,39.63999938964844,39.459999084472656,0.4561589187836819,0.297,0.358,General,From Tatas to Adanis: Why ICICI Prudential is backing India’s conglomerates for long-term wealth creation,
CYIENTDLM,2025-10-16T00:00:00,441.8500061035156,440.25,0.3634312557673197,0.468,0.477,Results/metrics,Cyient DLM shares in focus after Q2 profit more than doubles despite revenue decline,
V2RETAIL,2025-10-16T00:00:00,2282.60009765625,2401.699951171875,-4.958981385560338,0.297,0.358,General,Chasing higher returns: RBI’s Retail Direct platform sees healthy retail investor interest,
IRMENERGY,2025-10-16T00:00:00,332.3999938964844,331.6499938964844,0.22614202134859449,0.297,0.358,General,"MCX India, BGR Energy and 2 other stocks that witnessed 5-year swing high breakout",
M&M,2025-10-16T00:00:00,3560.800048828125,3497.199951171875,1.8186005531350382,0.468,0.477,Results/metrics,"Tech Mahindra posts modest revenue growth, but margins hit new high",
AXISCADES,2025-10-16T00:00:00,1522.199951171875,1602.300048828125,-4.999069788135677,0.468,0.477,Results/metrics,"Q2 Results Live Today: Axis Bank, IRFC, HDFC AMC, HBD Financial, Tata Comm, KEI Ind, Angel One, L&T finance, HDFC Life to announce Q2 results, Tech Mahindra, BoM, IREDA shares in focus",
DCXINDIA,2025-10-16T00:00:00,232.82000732421875,234.36000061035156,-0.6571058551468495,0.468,0.477,Results/metrics,Persistent Systems shares jump 7% on strong Q2 earnings; brokers raise target prices,
TATACOMM,2025-10-16T00:00:00,1971.300048828125,1955.0999755859375,0.8286058740976858,0.595,0.567,M&A/JV,Tata Motors commences trade after demerger,
TRU,2025-10-16T00:00:00,10.109999656677246,9.930000305175781,1.8126822353433805,0.297,0.358,General,"Trump warns US may cut China trade, including cooking oil, over soybean dispute",
DCMFINSERV,2025-10-16T00:00:00,5.230000019073486,5.380000114440918,-2.7881058025408505,0.468,0.477,Results/metrics,"Public sector banks outperform private peers in credit growth, says  Financial Services Secretary Nagaraju",
SIL,2025-10-16T00:00:00,19.18000030517578,18.260000228881836,5.038335513483628,0.297,0.358,General,Silver soars to record high of $53/oz as supply shortage surges across the globe,
IBLFL,2025-10-16T00:00:00,nan,68.80000305175781,nan,0.297,0.358,General,Broker’s call: Sundaram Finance (Add),
BALPHARMA,2025-10-16T00:00:00,81.08000183105469,81.63999938964844,-0.6859352802307285,0.297,0.358,General,Roche moves Supreme Court against Natco Pharma over sale of generic Risdiplam in India,
ZENTEC,2025-10-16T00:00:00,1349.699951171875,1367.4000244140625,-1.294432713629069,0.468,0.477,Results/metrics,Thyrocare Technologies shares soar 16% to fresh 52-week high after Q2 PAT grows 82% YoY,
INDIAMART,2025-10-16T00:00:00,2356.199951171875,2329.699951171875,1.1374855369967316,0.297,0.358,General,"MCX India, IREDA and 4 other F&O stocks saw a high increase in futures open interest",
ZEEL,2025-10-16T00:00:00,109.30999755859375,109.91999816894531,-0.5549496183706273,0.297,0.358,General,"TCS, Google Cloud ink pact to integrate Gemini Enterprise for workforce and customers",
STCINDIA,2025-10-16T00:00:00,136.1199951171875,135.6999969482422,0.30950492143747466,0.297,0.358,General,HDFC Life Share Price Live Updates: HDFC Life Current Trading Status,
