ticker,asof,price,prev_close,live_ret,news_certainty,trust_score,event_type,title,source
CHANDAN,2025-10-14T00:00:00,nan,nan,nan,0.350,0.395,General,Chandan Healthcare board approves ₹104 crore fund raise via preferential issue,
V2RETAIL,2025-10-14T00:00:00,2333.199951171875,2360.300048828125,-1.1481632460120923,0.297,0.358,General,Apparel maker Cantabil Retail eyes reveues of ₹1000 crore by FY27,
ONGC,2025-10-14T00:00:00,244.69000244140625,244.08999633789062,0.24581347556949623,0.550,0.535,Results/metrics,"ONGC eyes cost optimization as subdued oil prices, maturing fields threaten profits",
IDEA,2025-10-14T00:00:00,8.359999656677246,8.729999542236328,-4.238257788777624,0.350,0.395,General,Vodafone Idea shares slide 2% after Supreme Court defers AGR plea hearing,
SUPREME,2025-10-14T00:00:00,89.33000183105469,94.79000091552734,-5.76010025502412,0.800,0.710,Order/contract,"Karur stampede: Supreme Court's order for CBI probe can be cancelled, says DMK",
MCX,2025-10-14T00:00:00,9397.5,8937.5,5.146853146853147,0.350,0.395,General,Broker’s call: MCX (Buy),
LIBAS,2025-10-14T00:00:00,11.579999923706055,11.680000305175781,-0.8561676271995746,0.350,0.395,General,Festive season pricing not a race to the bottom: Libas’ Nisha Khatri,
TCS,2025-10-14T00:00:00,2960.300048828125,3007.199951171875,-1.5595870944821475,0.400,0.430,Management,H-1B visa crackdown not an existential threat to TCS; CEO Krithivasan says firm 'can survive',
PARAMOUNT,2025-10-14T00:00:00,nan,nan,nan,0.350,0.395,General,"Warner Bros rejected Paramount's ‘too low’ $20/share takeover offer, says report",
CAMPUS,2025-10-14T00:00:00,284.1499938964844,285.3999938964844,-0.4379817893245574,0.350,0.395,General,Sam Altman-backed edtech startup Campus acquires former Meta VP's Sizzle AI platform — Here's what we know,
MRF,2025-10-14T00:00:00,157695.0,156885.0,0.5163017496892628,0.800,0.710,Order/contract,Serentica Renewables to develop 170 MW hybrid project for MRF,
RELIGARE,2025-10-14T00:00:00,257.29998779296875,259.95001220703125,-1.0194361568069281,0.700,0.640,M&A/JV,Religare may absorb arm Care Health via reverse merger,
SWIGGY,2025-10-14T00:00:00,440.1499938964844,434.79998779296875,1.2304522202661712,0.350,0.395,General,Broker’s call: Swiggy (Buy),
HCLTECH,2025-10-14T00:00:00,1495.4000244140625,1494.699951171875,0.046837041885137445,0.550,0.535,Results/metrics,"HCLTech reports fastest Q2 growth in five years, calls AI revenue in a first",
TECH,2025-10-14T00:00:00,37.58000183105469,37.58000183105469,0.0,0.350,0.395,General,HCL Tech announces big changes to variable pay policy - Who will benefit? When will employees get hike? Details here,
ETERNAL,2025-10-14T00:00:00,347.75,348.3500061035156,-0.17224231175621893,0.350,0.395,General,"Market Trading Guide: Buy Eternal, CDSL and 3 other stocks on Tuesday for up to 10% gains",
WIPRO,2025-10-14T00:00:00,248.4199981689453,245.1300048828125,1.342142218658885,0.550,0.535,Results/metrics,"Q2FY26 preview: Wipro may see flat revenue, revise lower-end guidance for Q3",
TECHM,2025-10-14T00:00:00,1468.0,1450.9000244140625,1.1785771106347058,0.297,0.358,Dividend/return,"HCL Tech Q2 Results: Profit flat at Rs 4,235 cr, revenue up 11% YoY; Rs 12/share dividend declared",
PAR,2025-10-14T00:00:00,102.04000091552734,102.13999938964844,-0.09790334317470956,0.297,0.358,General,"EQT scraps Zelestra India sale, brings in O2's Parag Sharma to lead $600 mn push",
ZENTEC,2025-10-14T00:00:00,1362.5999755859375,1393.699951171875,-2.231468513706087,0.297,0.358,Dividend/return,"HCL Technologies Q2 Results: Cons PAT flat at Rs 4,235 crore, revenue up 11% YoY. Rs 12/share dividend announced",
BFINVEST,2025-10-14T00:00:00,473.6499938964844,480.1000061035156,-1.34347263591589,0.297,0.358,General,Accel-backed chemicals startup Scimplify eyes up to $100 million investment to expand overseas operations,
ASIANPAINT,2025-10-14T00:00:00,2318.10009765625,2342.5,-1.041618029615795,0.297,0.358,General,"Supreme Court refuses to hear Asian Paints’ plea against competition commission probe, allows firm to withdraw petition",
ANANDRATHI,2025-10-14T00:00:00,3163.199951171875,2934.89990234375,7.778801881652226,0.468,0.477,Results/metrics,Anand Rathi Wealth Q2 profit surges 31%,
ADANIPORTS,2025-10-14T00:00:00,1429.0,1437.800048828125,-0.6120495569114396,0.297,0.358,General,"UK’s Investec initiates coverage on Adani Ports, sees up to 23% upside",
BSE500IETF,2025-10-14T00:00:00,39.06999969482422,39.369998931884766,-0.7619996068061488,0.297,0.358,General,"Curie Money, ICICI Prudential AMC partner for instant redemption with UPI",
TATAMOTORS,2025-10-14T00:00:00,395.45001220703125,660.75,-40.15134132318861,0.595,0.567,M&A/JV,Tata Motors demerger: Stock slides 7% in 7 days. Will the restructuring spark gains or more volatility?,
UMAEXPORTS,2025-10-14T00:00:00,47.310001373291016,50.15999984741211,-5.6818151570790585,0.297,0.358,General,"Talegaon plant preps Hyundai for exports, multi-model production",
TTKPRESTIG,2025-10-14T00:00:00,645.4000244140625,637.4000244140625,1.255098790960056,0.297,0.358,General,"Butterfly mourns Prestige's TT Jagannathan, hails him as ‘mind that shaped kitchen industry’ | See Facebook post",
POLICYBZR,2025-10-14T00:00:00,1708.5999755859375,1719.300048828125,-0.6223505460539405,0.297,0.358,General,AI-powered fintech platform GoodScore raises $13 million in Series A funding led by Peak XV Partners,
IOC,2025-10-14T00:00:00,152.80999755859375,155.25999450683594,-1.5779962868247535,0.297,0.358,General,Indian market quietly setting up for the next big bull run; Atul Suri on next 3 mega trends,
CCCL,2025-10-14T00:00:00,23.139999389648438,23.469999313354492,-1.4060499930150567,0.297,0.358,General,General Atlantic to lead $100 million round in consumer-lending startup Snapmint,
TRU,2025-10-14T00:00:00,9.880000114440918,9.9399995803833,-0.6036163830508849,0.297,0.358,General,"Dow Jones soars 500 points, Nasdaq, S&P 500 up 1% after Trump cools rhetoric on China",
SIL,2025-10-14T00:00:00,17.739999771118164,18.209999084472656,-2.5809958099078227,0.297,0.358,General,Silver roars higher on short squeeze as gold rallies to record,
SPIC,2025-10-14T00:00:00,88.27999877929688,91.69000244140625,-3.719057226864521,0.297,0.358,General,India hosts 8th session of Codex Committee on Spices and Culinary Herbs in Guwahati,
SGL,2025-10-14T00:00:00,14.130000114440918,14.270000457763672,-0.9810815615397261,0.297,0.358,General,"TCS eyes 5G infra market, flags interest from global telcos",
RELIANCE,2025-10-14T00:00:00,1375.9000244140625,1375.0,0.06545632102272728,0.297,0.358,General,Net direct tax collection rises over 6% to ₹11.89 lakh crore in April-Oct,
