ticker,company,title,amount,validation_confidence,impact_score,original_score,impact_financial_base,impact_action_base,impact_momentum,impact_validation_intelligence,impact_temporal,intelligence_multipliers
POLYCAB,POLYCAB INDIA LIMITED,Polycab India block deal: Promoters likely to sell 0.8% stake worth Rs 887 crore,887.0,0.7500000000000001,1.0,0.300644,50,30,0,10,10,"mega_deal, strategic_action, market_hours"
LT,LARSEN & TOUBRO LIMITED,NCLT approves merger of Piramal Enterprises with Piramal Finance; Anand Piramal ,0.0,0.7000000000000001,0.7802666666666667,0.159404,0,40,12,14,10,"mega_action, market_hours"
EPACK,EPACK DURABLE LIMITED,Epack Prefab Technologies IPO: Issue subscribed 30% on Day 1. Check GMP and othe,0.0,0.9,0.6570666666666667,0.160608,0,40,0,14,10,"mega_action, market_hours"
BIL,BHARTIYA INTERNATIONAL LIMITED,Billionaire Salinas Briefly Threatened With Arrest in AT&T Suit,0.0,0.6000000000000001,0.5910666666666667,0.083621,40,0,0,12,10,"billion_mention, market_hours"
GLENMARK,GLENMARK PHARMACEUTICALS LIMITED,Glenmark inks $18 million deal for cancer drug with China’s Hengrui,1.8,1.0,0.5632,0.461392,10,30,0,14,10,"strategic_action, market_hours"
EDELWEISS,EDELWEISS FINANCIAL SERVICES LIMITED,Edelweiss Financial Services launches Rs 300 crore NCD issue with 10.25% yield,300.0,0.9999999999999999,0.5133333333333333,0.157694,20,20,0,20,10,market_hours
OIL,OIL INDIA LIMITED,Oil Firms Agree Deal With Iraq to Resume Kurdistan Exports,0.0,0.7000000000000001,0.4752,0.152729,0,30,0,14,10,"strategic_action, market_hours"
SERVICE,SERVICE CARE LIMITED,Edelweiss Financial Services launches Rs 300 crore NCD issue with 10.25% yield,300.0,0.6000000000000001,0.44,0.106686,20,20,0,10,10,market_hours
CROWN,CROWN LIFTERS LIMITED,"Logistics giant Crown expands in India with 57,000 sq ft Ramasandra facility",0.0,0.8,0.308,0.175245,0,20,0,12,10,market_hours
WEALTH,WEALTH FIRST PORTFOLIO MANAGERS LIMITED,"Wealth Company MF launches NFOs in flexi cap, arbitrage, ethical, liquid funds",0.0,0.5000000000000001,0.2786666666666667,0.169661,0,20,0,8,10,market_hours
MAGNUM,MAGNUM VENTURES LIMITED,SBI launches first SIF Magnum Hybrid Long Short Fund,0.0,0.5000000000000001,0.2786666666666667,0.13575,0,20,0,8,10,market_hours
IDEA,VODAFONE IDEA LIMITED,IdeaForge shares jump over 5% from day’s low on JV with US firm to manufacture d,0.0,0.6000000000000001,0.24933333333333338,0.137213,0,0,12,12,10,market_hours
RETAIL,JHS SVENDGAARD RETAIL VENTURES LIMITED,Retailers see double-digit growth this festival season with GST cuts boosting sa,0.0,0.8,0.24933333333333338,0.100547,0,0,12,12,10,market_hours
ARABIAN,ARABIAN PETROLEUM LIMITED,"Saudi Arabian stock index jump 5%, most in 5 years on report of easing of foreig",0.0,0.6000000000000001,0.22,0.181531,0,0,12,8,10,market_hours
SIRCA,SIRCA PAINTS INDIA LIMITED,Broker’s call: Sirca Paints (Buy),0.0,0.8999999999999999,0.20533333333333337,0.243252,0,0,0,18,10,market_hours
OLECTRA,OLECTRA GREENTECH LIMITED,Mahesh Babu Subramanian is new MD of Olectra Greentech,0.0,0.8999999999999999,0.20533333333333337,0.115749,0,0,0,18,10,market_hours
LODHA,LODHA DEVELOPERS LIMITED,Who is Rajendra Lodha? Ex-director of Lodha Developers arrested in alleged fraud,0.0,0.7,0.17600000000000002,0.115609,0,0,0,14,10,market_hours
ATUL,ATUL LIMITED,GPT Infraprojects board elevates Atul Tantia to Joint MD & CFO; Om Tantia appoin,0.0,0.6000000000000001,0.16133333333333336,0.194454,0,0,0,12,10,market_hours
KEL,KUNDAN EDIFICE LIMITED,From Anna Salai to Dalal Street: How Arihant won Sacheti and Kela,0.0,0.6000000000000001,0.16133333333333336,0.124714,0,0,0,12,10,market_hours
GLOBAL,GLOBAL EDUCATION LIMITED,HSBC Global expects Sensex to hit 96k by next year-end,0.0,0.75,0.16133333333333336,0.110471,0,0,0,12,10,market_hours
MCX,MULTI COMMODITY EXCHANGE OF INDIA LIMITED,Commodity Talk: MCX crude oil consolidating within a bearish triangle pattern. S,0.0,0.8,0.16133333333333336,0.097894,0,0,0,12,10,market_hours
SBC,SBC EXPORTS LIMITED,HSBC Global expects Sensex to hit 96k by next year-end,0.0,0.55,0.16133333333333336,0.067055,0,0,0,12,10,market_hours
MOS,MOS UTILITY LIMITED,The AI Threat to Europes Most Valuable Software Company,0.0,0.6000000000000001,0.16133333333333336,0.05374,0,0,0,12,10,market_hours
TRUST,TRUST FINTECH LIMITED,Vijay Singh’s forced exit at Tata Sons bares a deep divide at Tata Trusts,0.0,0.8,0.16133333333333336,0.050992,0,0,0,12,10,market_hours
TRU,TRUCAP FINANCE LIMITED,Vijay Singh’s forced exit at Tata Sons bares a deep divide at Tata Trusts,0.0,0.6000000000000001,0.16133333333333336,0.029658,0,0,0,12,10,market_hours
COROMANDEL,COROMANDEL INTERNATIONAL LIMITED,"Coromandel, Veolia sign pact to expand desalination plant in Vizag",0.0,0.6000000000000001,0.132,0.33189,0,0,0,8,10,market_hours
CRISIL,CRISIL LIMITED,Crisil to acquire McKinsey PriceMetrix Co,0.0,0.6000000000000001,0.132,0.231887,0,0,0,8,10,market_hours
RICHA,RICHA INFO SYSTEMS LIMITED,Bajaj Electricals acquire Morphy Richard’s brand rights,0.0,0.6000000000000001,0.132,0.130919,0,0,0,8,10,market_hours
DRONE,DRONE DESTINATION LIMITED,Russia Black Sea Oil Ports Pause Loadings After Drone Alerts,0.0,0.5000000000000001,0.132,0.114337,0,0,0,8,10,market_hours
MIDCAP,KOTAK NIFTY MIDCAP 50 ETF,Midcap Momentum: 7 stocks reporting rising EPS for 4 consecutive quarters,0.0,0.6000000000000001,0.132,0.043359,0,0,0,8,10,market_hours
METAL,MIRAE ASSET MUTUAL FUND - MIRAE ASSET NIFTY METAL ETF,"Autos, IT and Metals: Parag Thakkar’s sectoral playbook for investors",0.0,0.5000000000000001,0.132,0.037801,0,0,0,8,10,market_hours
