ticker,company_name,event_type,top_title,top_source,amt_cr,dups,has_word,mit_magnitude,mit_intensity,mit_timing,mit_score
BEML,BEML LIMITED,Order/contract,"HAL, Cochin Shipyard, BEML and other defence stocks rally up to 10% as govt reviews Rs 2 lakh crore IAF jet deal",,0.020,1,True,0.321,0.800,0.166,0.042568
IDEA,VODAFONE IDEA LIMITED,General,Vodafone Idea shares jump 7% as telco’s AGR plea reportedly gets Sept 19 hearing date,,0.000,1,True,0.140,0.350,0.413,0.020257
BSE,BSE LIMITED,Regulatory,What Sebi chief's weekly expiry remark means for BSE. Explained with 5 scenarios,,0.000,1,True,0.300,0.750,0.058,0.012972
RADICO,RADICO KHAITAN LIMITED,General,Radico Khaitan surges 2.17% on premium vodka launch and Jefferies Buy rating,,0.000,1,True,0.140,0.350,0.149,0.007297
TECH,ADITYA BIRLA SUN LIFE MUTUAL FUND - ADITYA BIRLA SUN LIFE NIFTY IT ETF,M&A/JV,Tata Tech shares rise 3% after €75 million acquisition of Germany's ES-Tec Group,,7.500,1,True,0.431,0.700,0.017,0.005003
IXIGO,LE TRAVENUES TECHNOLOGY LIMITED,General,"These 13 stocks — Adani Power, Tata Tech, RailTel, Info Edge, KRBL, Godrej Enterprises, Ixigo, Infosys, Birla Corp, Vedanta, Diamond Power, Shakti Pumps, DCX Systems — to remain in focus on Monday",,0.000,1,True,0.140,0.280,0.102,0.004010
TECH,ADITYA BIRLA SUN LIFE MUTUAL FUND - ADITYA BIRLA SUN LIFE NIFTY IT ETF,Management,CEO Warren Harris banks on AI as Tata Tech chases lofty $1 bn revenue target,,100.000,1,True,0.485,0.400,0.017,0.003220
IT,KOTAK NIFTY IT ETF,General,"Sensex falls over 50 pts, Nifty below 25,100 as IT weakness offsets gains in auto stocks",,0.000,1,True,0.140,0.350,0.027,0.001329
IT,KOTAK NIFTY IT ETF,General,"Mid-market: Nifty trades near day’s low; realty stocks shine, IT majors Infosys, TCS dip",,0.000,1,True,0.140,0.350,0.027,0.001329
ATUL,ATUL LIMITED,General,"Stock market risk-reward now in favour, time to deploy cash: Kotak MF’s Atul Bhole",,0.000,1,True,0.140,0.350,0.000,0.000000
