ticker,company,title,amount,validation_confidence,validation_reason,impact_score,financial_pts,action_pts,momentum_pts,validation_pts,original_score
POLYCAB,POLYCAB INDIA LIMITED,Polycab India block deal: Promoters likely to sell 0.8% stake worth Rs 887 ,887.0,0.7,exact_ticker|company_words_1,0.7340000000000001,35,30,0,8.399999999999999,0.300644
EDELWEISS,EDELWEISS FINANCIAL SERVICES LIMITED,Edelweiss Financial Services launches Rs 300 crore NCD issue with 10.25% yi,300.0,0.9,exact_ticker|company_words_3,0.55,25,20,0,10.0,0.157694
GLENMARK,GLENMARK PHARMACEUTICALS LIMITED,Glenmark inks $18 million deal for cancer drug with China’s Hengrui,1.8,0.7,exact_ticker|company_words_1,0.534,15,30,0,8.399999999999999,0.461392
SERVICE,SERVICE CARE LIMITED,Edelweiss Financial Services launches Rs 300 crore NCD issue with 10.25% yi,300.0,0.7,exact_ticker|company_words_1,0.534,25,20,0,8.399999999999999,0.106686
LT,LARSEN & TOUBRO LIMITED,NCLT approves merger of Piramal Enterprises with Piramal Finance; Anand Pir,0.0,0.5,exact_ticker,0.44,0,30,8,6.0,0.159404
EPACK,EPACK DURABLE LIMITED,Epack Prefab Technologies IPO: Issue subscribed 30% on Day 1. Check GMP and,0.0,0.7,exact_ticker|company_words_1,0.384,0,30,0,8.399999999999999,0.160608
OIL,OIL INDIA LIMITED,Oil Firms Agree Deal With Iraq to Resume Kurdistan Exports,0.0,0.5,exact_ticker,0.36,0,30,0,6.0,0.152729
TECH,ADITYA BIRLA SUN LIFE MUTUAL FUND - ADITYA BIRLA SUN LIFE NIFTY IT ETF,Epack Prefab Technologies IPO: Issue subscribed 30% on Day 1. Check GMP and,0.0,0.5,exact_ticker,0.36,0,30,0,6.0,0.095562
BIL,BHARTIYA INTERNATIONAL LIMITED,Billionaire Salinas Briefly Threatened With Arrest in AT&T Suit,0.0,0.5,exact_ticker,0.36,30,0,0,6.0,0.083621
CESC,CESC LIMITED,CESC raises Rs 300 cr via NCDs,300.0,0.5,exact_ticker,0.31,25,0,0,6.0,0.23011
CROWN,CROWN LIFTERS LIMITED,"Logistics giant Crown expands in India with 57,000 sq ft Ramasandra facilit",0.0,0.7,exact_ticker|company_words_1,0.284,0,20,0,8.399999999999999,0.175245
WEALTH,WEALTH FIRST PORTFOLIO MANAGERS LIMITED,"Wealth Company MF launches NFOs in flexi cap, arbitrage, ethical, liquid fu",0.0,0.7,exact_ticker|company_words_1,0.284,0,20,0,8.399999999999999,0.169661
MAGNUM,MAGNUM VENTURES LIMITED,SBI launches first SIF Magnum Hybrid Long Short Fund,0.0,0.7,exact_ticker|company_words_1,0.284,0,20,0,8.399999999999999,0.13575
TI,TILAKNAGAR INDUSTRIES LIMITED,Investment TIPS: Why Ray Dalio prefers inflation-protected govt bonds over ,0.0,0.5,exact_ticker,0.26,0,20,0,6.0,0.08015
ARABIAN,ARABIAN PETROLEUM LIMITED,"Saudi Arabian stock index jump 5%, most in 5 years on report of easing of f",0.0,0.7,exact_ticker|company_words_1,0.16399999999999998,0,0,8,8.399999999999999,0.181531
RETAIL,JHS SVENDGAARD RETAIL VENTURES LIMITED,Retailers see double-digit growth this festival season with GST cuts boosti,0.0,0.7,exact_ticker|company_words_1,0.16399999999999998,0,0,8,8.399999999999999,0.100547
IDEA,VODAFONE IDEA LIMITED,IdeaForge shares jump over 5% from day’s low on JV with US firm to manufact,0.0,0.5,exact_ticker,0.14,0,0,8,6.0,0.137213
SIRCA,SIRCA PAINTS INDIA LIMITED,Broker’s call: Sirca Paints (Buy),0.0,0.9,exact_ticker|company_words_2,0.1,0,0,0,10.0,0.243252
OLECTRA,OLECTRA GREENTECH LIMITED,Mahesh Babu Subramanian is new MD of Olectra Greentech,0.0,0.9,exact_ticker|company_words_2,0.1,0,0,0,10.0,0.115749
LODHA,LODHA DEVELOPERS LIMITED,Who is Rajendra Lodha? Ex-director of Lodha Developers arrested in alleged ,0.0,0.9,exact_ticker|company_words_2,0.1,0,0,0,10.0,0.115609
COROMANDEL,COROMANDEL INTERNATIONAL LIMITED,"Coromandel, Veolia sign pact to expand desalination plant in Vizag",0.0,0.7,exact_ticker|company_words_1,0.08399999999999999,0,0,0,8.399999999999999,0.33189
CRISIL,CRISIL LIMITED,Crisil to acquire McKinsey PriceMetrix Co,0.0,0.7,exact_ticker|company_words_1,0.08399999999999999,0,0,0,8.399999999999999,0.231887
RICHA,RICHA INFO SYSTEMS LIMITED,Bajaj Electricals acquire Morphy Richard’s brand rights,0.0,0.7,exact_ticker|company_words_1,0.08399999999999999,0,0,0,8.399999999999999,0.130919
DRONE,DRONE DESTINATION LIMITED,Russia Black Sea Oil Ports Pause Loadings After Drone Alerts,0.0,0.7,exact_ticker|company_words_1,0.08399999999999999,0,0,0,8.399999999999999,0.114337
GLOBAL,GLOBAL EDUCATION LIMITED,HSBC Global expects Sensex to hit 96k by next year-end,0.0,0.7,exact_ticker|company_words_1,0.08399999999999999,0,0,0,8.399999999999999,0.110471
MCX,MULTI COMMODITY EXCHANGE OF INDIA LIMITED,Commodity Talk: MCX crude oil consolidating within a bearish triangle patte,0.0,0.7,exact_ticker|company_words_1,0.08399999999999999,0,0,0,8.399999999999999,0.097894
TRUST,TRUST FINTECH LIMITED,Vijay Singh’s forced exit at Tata Sons bares a deep divide at Tata Trusts,0.0,0.7,exact_ticker|company_words_1,0.08399999999999999,0,0,0,8.399999999999999,0.050992
MIDCAP,KOTAK NIFTY MIDCAP 50 ETF,Midcap Momentum: 7 stocks reporting rising EPS for 4 consecutive quarters,0.0,0.7,exact_ticker|company_words_1,0.08399999999999999,0,0,0,8.399999999999999,0.043359
METAL,MIRAE ASSET MUTUAL FUND - MIRAE ASSET NIFTY METAL ETF,"Autos, IT and Metals: Parag Thakkar’s sectoral playbook for investors",0.0,0.7,exact_ticker|company_words_1,0.08399999999999999,0,0,0,8.399999999999999,0.037801
BEL,BHARAT ELECTRONICS LIMITED,"L&T, BEL join hands to bid for building India’s 5th-generation fighter jet",0.0,0.5,exact_ticker,0.06,0,0,0,6.0,0.249309
ATUL,ATUL LIMITED,GPT Infraprojects board elevates Atul Tantia to Joint MD & CFO; Om Tantia a,0.0,0.5,exact_ticker,0.06,0,0,0,6.0,0.194454
CONS,KOTAK NIFTY INDIA CONSUMPTION ETF,India’s Top Utility Considers Bulk Purchase of Nuclear Reactors,0.0,0.5,exact_ticker,0.06,0,0,0,6.0,0.179235
KEL,KUNDAN EDIFICE LIMITED,From Anna Salai to Dalal Street: How Arihant won Sacheti and Kela,0.0,0.5,exact_ticker,0.06,0,0,0,6.0,0.124714
STAR,STRIDES PHARMA SCIENCE LIMITED,‘Startup Singam’ makers Baanhem Ventures raises second round of funding fro,0.0,0.5,exact_ticker,0.06,0,0,0,6.0,0.107956
BANG,BANG OVERSEAS LIMITED,"High prices deter importers of Bangladeshi hilsa, the ‘Queen of Fish’",0.0,0.5,exact_ticker,0.06,0,0,0,6.0,0.107707
SBC,SBC EXPORTS LIMITED,HSBC Global expects Sensex to hit 96k by next year-end,0.0,0.5,exact_ticker,0.06,0,0,0,6.0,0.067055
PAR,PAR DRUGS AND CHEMICALS LIMITED,"Autos, IT and Metals: Parag Thakkar’s sectoral playbook for investors",0.0,0.5,exact_ticker,0.06,0,0,0,6.0,0.054268
MOS,MOS UTILITY LIMITED,The AI Threat to Europes Most Valuable Software Company,0.0,0.5,exact_ticker,0.06,0,0,0,6.0,0.05374
MOMENTUM,ADITYA BIRLA SUN LIFE MUTUAL FUND - ADITYA BIRLA SUN LIFE NIFTY 200 MO,Midcap Momentum: 7 stocks reporting rising EPS for 4 consecutive quarters,0.0,0.5,exact_ticker,0.06,0,0,0,6.0,0.043359
TRU,TRUCAP FINANCE LIMITED,Vijay Singh’s forced exit at Tata Sons bares a deep divide at Tata Trusts,0.0,0.5,exact_ticker,0.06,0,0,0,6.0,0.029658
KEN,KEN ENTERPRISES LIMITED,Tylenol Maker Kenvue Faces Mounting Crisis After Trump Blast,0.0,0.5,exact_ticker,0.06,0,0,0,6.0,0.0
STEL,STEL HOLDINGS LIMITED,Stellantis to Pause Production at Plants Due to Weak Demand,0.0,0.5,exact_ticker,0.0,0,0,-8,6.0,0.068551
