ticker,title,sentiment,sentiment_confidence,is_beneficiary,actual_beneficiary,ticker_confidence,amount_cr,confidence_level,reliability_stars,recommendation,event_type,reason
WIPRO,"Wipro Q2 net profit inches up to ₹3,246 cr; revenue rises 1.7% to ₹22,",POSITIVE,0.9,True,WIPRO,0.5,3246.0,MEDIUM,3,"{'icon': '🟢', 'text': 'BUY', 'type': 'recommendation_buy'}",Results/metrics,default
CCCL,Waaree Energies Q2 Results: Cons PAT skyrockets 133% YoY to Rs 842 cro,POSITIVE,0.9,True,CCCL,0.5,842.0,MEDIUM,3,"{'icon': '🟢', 'text': 'BUY', 'type': 'recommendation_buy'}",Dividend/return,default
CCCL,"Wipro Q2 Results: Cons PAT rises 1.2% YoY to Rs 3,246 crore, misses St",POSITIVE,0.9,True,CCCL,0.5,3246.0,MEDIUM,3,"{'icon': '🟢', 'text': 'BUY', 'type': 'recommendation_buy'}",Results/metrics,default
CCCL,"LTIMindtree Q2 Results: Cons PAT jumps 12% YoY to Rs 1,401 crore, reve",POSITIVE,0.9,True,CCCL,0.5,1401.0,MEDIUM,3,"{'icon': '🟢', 'text': 'BUY', 'type': 'recommendation_buy'}",Results/metrics,default
CCCL,"Jio Financial Q2 Results: Cons PAT up marginally YoY at Rs 695 crore, ",POSITIVE,0.9,True,CCCL,0.5,695.0,MEDIUM,3,"{'icon': '🟢', 'text': 'BUY', 'type': 'recommendation_buy'}",Results/metrics,default
CCCL,Zee Entertainment Q2 Results: Cons net profit falls 63% YoY to Rs 76 c,POSITIVE,0.8333333333333333,True,CCCL,0.5,76.0,MEDIUM,3,"{'icon': '🟢', 'text': 'BUY', 'type': 'recommendation_buy'}",Results/metrics,default
CRAFTSMAN,Craftsman Automation starts commercial operations at its new facility ,NEUTRAL,0.5,True,CRAFTSMAN,0.5,0.0,LOW,3,"{'icon': '🟡', 'text': 'WATCH', 'type': 'recommendation_watch'}",General,default
TAC,Vijay Kedia-backed TAC InfoSec hits 5% upper circuit as PAT surges 138,POSITIVE,0.9,True,TAC,0.5,0.0,LOW,3,"{'icon': '🟢', 'text': 'BUY', 'type': 'recommendation_buy'}",Results/metrics,default
ADOR,Broker’s call: Ador Welding (Hold),NEUTRAL,0.5,True,ADOR,0.5,0.0,LOW,3,"{'icon': '🟡', 'text': 'WATCH', 'type': 'recommendation_watch'}",General,default
RELIANCE,"Reliance Q2 earnings: Investors have been patient, will Mukesh Ambani ",NEUTRAL,0.5,True,RELIANCE,0.5,0.0,LOW,3,"{'icon': '🟡', 'text': 'WATCH', 'type': 'recommendation_watch'}",Results/metrics,default
SURAKSHA,AP govt rolls out Suraksha App to check supply of illicit liquor,NEUTRAL,0.5,True,SURAKSHA,0.5,0.0,LOW,3,"{'icon': '🟡', 'text': 'WATCH', 'type': 'recommendation_watch'}",General,default
ETERNAL,Eternal Q2 Results: Profit falls 63% to Rs 65 cr; revenue jumps 183%,POSITIVE,0.875,True,ETERNAL,0.5,65.0,MEDIUM,3,"{'icon': '🟢', 'text': 'BUY', 'type': 'recommendation_buy'}",Results/metrics,default
ETERNAL,Eternal Q2 Results: Zomato parent's PAT plunges 63% YoY to Rs 65 crore,POSITIVE,0.8333333333333333,True,ETERNAL,0.5,65.0,MEDIUM,3,"{'icon': '🟢', 'text': 'BUY', 'type': 'recommendation_buy'}",Results/metrics,default
SHAH,States must set up units to track and repatriate fugitives: Amit Shah,NEUTRAL,0.5,True,SHAH,0.5,0.0,LOW,3,"{'icon': '🟡', 'text': 'WATCH', 'type': 'recommendation_watch'}",General,default
URBAN,"Urban India's spending appetite is back, but cautious",NEUTRAL,0.5,True,URBAN,0.5,0.0,LOW,3,"{'icon': '🟡', 'text': 'WATCH', 'type': 'recommendation_watch'}",General,default
IDBI,"Emirates NBD shuns IDBI Bank acquisition plan, likely to acquire major",NEUTRAL,0.5,True,IDBI,0.5,0.0,LOW,3,"{'icon': '🟡', 'text': 'WATCH', 'type': 'recommendation_watch'}",M&A/JV,default
IT,Ola launches first ‘non-vehicle’ product ‘Shakti’— It's neither HomePo,NEUTRAL,0.5,True,IT,0.5,0.0,LOW,3,"{'icon': '🟡', 'text': 'WATCH', 'type': 'recommendation_watch'}",General,default
MRPL,MRPL looking at buying crudes available at a discount: MD,NEUTRAL,0.5,True,MRPL,0.5,0.0,LOW,3,"{'icon': '🟡', 'text': 'WATCH', 'type': 'recommendation_watch'}",General,default
MRPL,"MRPL seeks cheaper oil amid US pressure, hopes to keep buying Russian",NEUTRAL,0.5,True,MRPL,0.5,0.0,LOW,3,"{'icon': '🟡', 'text': 'WATCH', 'type': 'recommendation_watch'}",General,default
STANLEY,"Morgan Stanley equity traders score record quarter, eclipsing Goldman ",POSITIVE,0.9,True,STANLEY,0.5,0.0,LOW,3,"{'icon': '🟢', 'text': 'BUY', 'type': 'recommendation_buy'}",Results/metrics,default
SWIGGY,"Dhanteras 2025: Swiggy Instamart to deliver 1 kg silver bricks, up to ",NEUTRAL,0.5,True,SWIGGY,0.5,0.0,LOW,3,"{'icon': '🟡', 'text': 'WATCH', 'type': 'recommendation_watch'}",General,default
ETERNAL,Gainers & Losers: Eternal & Ola Electric among 6 stocks that moved the,NEUTRAL,0.5,True,ETERNAL,0.5,0.0,LOW,3,"{'icon': '🟡', 'text': 'WATCH', 'type': 'recommendation_watch'}",General,default
ETERNAL,Online platform Eternal posts sequential rise in quarterly profit,POSITIVE,0.9,True,ETERNAL,0.5,0.0,LOW,3,"{'icon': '🟢', 'text': 'BUY', 'type': 'recommendation_buy'}",Results/metrics,default
ETERNAL,"Eternal net profit declines 63%, revenues surge",NEUTRAL,0.5,True,ETERNAL,0.5,0.0,LOW,3,"{'icon': '🟡', 'text': 'WATCH', 'type': 'recommendation_watch'}",Results/metrics,default
ETERNAL,Eternal shares fall 4% after Q2 results. 10 things team Deepinder Goya,NEUTRAL,0.5,True,ETERNAL,0.5,0.0,LOW,3,"{'icon': '🟡', 'text': 'WATCH', 'type': 'recommendation_watch'}",Results/metrics,default
WIPRO,Wipro says limited impact from H-1B visa changes,NEUTRAL,0.5,True,WIPRO,0.5,0.0,LOW,3,"{'icon': '🟡', 'text': 'WATCH', 'type': 'recommendation_watch'}",General,default
WIPRO,"Wipro Q2 revenue, profit see muted growth amid macro headwinds",POSITIVE,0.9,True,WIPRO,0.5,0.0,LOW,3,"{'icon': '🟢', 'text': 'BUY', 'type': 'recommendation_buy'}",Results/metrics,default
WIPRO,"Wipro Q2 results: Profit rises 1.2%, misses street view; AI bets ahead",POSITIVE,0.9,True,WIPRO,0.5,0.0,LOW,3,"{'icon': '🟢', 'text': 'BUY', 'type': 'recommendation_buy'}",Results/metrics,default
TVVISION,"IOB Q2 Results: Profit jumps 58% YoY to Rs 1,226 crore as provisions d",POSITIVE,0.9,True,TVVISION,0.5,1226.0,MEDIUM,3,"{'icon': '🟢', 'text': 'BUY', 'type': 'recommendation_buy'}",Results/metrics,default
IRMENERGY,Shyam Metalics and Energy plans to double export revenue to $300 milli,POSITIVE,0.75,True,IRMENERGY,0.5,30.0,MEDIUM,3,"{'icon': '🟢', 'text': 'BUY', 'type': 'recommendation_buy'}",General,default
TATACOMM,Tata Communications eyes tie-up with TCS on $6.5 billion data centre p,SPECULATIVE,0.3,True,TATACOMM,0.5,650.0,MEDIUM,2,"{'icon': '⚪', 'text': 'REVIEW', 'type': 'unknown'}",General,default
TATASTEEL,'Expanding opportunities': Tata Steel to include female staff in all t,NEUTRAL,0.5,True,TATASTEEL,0.5,0.0,LOW,3,"{'icon': '🟡', 'text': 'WATCH', 'type': 'recommendation_watch'}",General,default
BAJAJFINSV,Samvat 2082: Bajaj Finserv AMC’s Nimesh Chandan says market like a coi,NEUTRAL,0.5,True,BAJAJFINSV,0.5,0.0,LOW,3,"{'icon': '🟡', 'text': 'WATCH', 'type': 'recommendation_watch'}",General,default
AIRTELPP,"Top gainers & losers today, 16 October: Kotak Bank, Titan, Axis Bank l",NEGATIVE,0.9,True,AIRTELPP,0.5,0.0,LOW,3,"{'icon': '❌', 'text': 'AVOID', 'type': 'recommendation_avoid'}",General,default
V2RETAIL,"Mall giants Nexus, Phoenix, DLF, K Raheja and Lakeshore to control 60%",NEUTRAL,0.5,True,V2RETAIL,0.5,0.0,LOW,3,"{'icon': '🟡', 'text': 'WATCH', 'type': 'recommendation_watch'}",General,default
IRMENERGY,Crude oil prices jump 1% after Trump’s India–Russia claim: What it mea,NEUTRAL,0.5,True,IRMENERGY,0.5,0.0,LOW,3,"{'icon': '🟡', 'text': 'WATCH', 'type': 'recommendation_watch'}",General,default
UMAEXPORTS,"Oilmeal exports flat in H1 2025-26, despite 40% increase in September",NEUTRAL,0.5,True,UMAEXPORTS,0.5,0.0,LOW,3,"{'icon': '🟡', 'text': 'WATCH', 'type': 'recommendation_watch'}",General,default
V2RETAIL,"O2C, Jio to boost RIL’s Q2 performance; retail, upstream to be muted",NEUTRAL,0.5,True,V2RETAIL,0.5,0.0,LOW,3,"{'icon': '🟡', 'text': 'WATCH', 'type': 'recommendation_watch'}",Results/metrics,default
TATAINVEST,Tata Motors shares rise 2%. What should investors do after demerger?,SPECULATIVE,0.3,True,TATAINVEST,0.5,0.0,LOW,2,"{'icon': '⚪', 'text': 'REVIEW', 'type': 'unknown'}",M&A/JV,default
CHEMBONDCH,Paradeep Phosphates completes merger with Mangalore Chemicals and Fert,NEUTRAL,0.5,True,CHEMBONDCH,0.5,0.0,LOW,3,"{'icon': '🟡', 'text': 'WATCH', 'type': 'recommendation_watch'}",M&A/JV,default
INFY,"Does Trump's $100,000 H-1B visa fee hike impact Infosys? Here's what C",NEUTRAL,0.5,True,INFY,0.5,0.0,LOW,3,"{'icon': '🟡', 'text': 'WATCH', 'type': 'recommendation_watch'}",Management,default
BEWLTD,Broker’s call: Elecon Engineering (Buy),NEUTRAL,0.5,True,BEWLTD,0.5,0.0,LOW,3,"{'icon': '🟡', 'text': 'WATCH', 'type': 'recommendation_watch'}",General,default
IOC,SpiceJet expands connectivity to Bihar ahead of Chhath Puja and Diwali,NEUTRAL,0.5,True,IOC,0.5,0.0,LOW,3,"{'icon': '🟡', 'text': 'WATCH', 'type': 'recommendation_watch'}",General,default
CYIENTDLM,"Cyient Q2 profit drops 40% YoY amid wage hikes, seasonal headwinds",NEUTRAL,0.5,True,CYIENTDLM,0.5,0.0,LOW,3,"{'icon': '🟡', 'text': 'WATCH', 'type': 'recommendation_watch'}",Results/metrics,default
EXCEL,Tata Power launches Solar Skill Centres of Excellence in Tamil Nadu,NEUTRAL,0.5,True,EXCEL,0.5,0.0,LOW,3,"{'icon': '🟡', 'text': 'WATCH', 'type': 'recommendation_watch'}",General,default
TRU,Trump claims Modi assured India will stop buying Russian oil,SPECULATIVE,0.3,True,TRU,0.5,0.0,LOW,2,"{'icon': '⚪', 'text': 'REVIEW', 'type': 'unknown'}",General,default
TRU,Will Trump's H-1B visa fee hike impact Wipro? Here's what IT giant's H,NEUTRAL,0.5,True,TRU,0.5,0.0,LOW,3,"{'icon': '🟡', 'text': 'WATCH', 'type': 'recommendation_watch'}",General,default
SIL,Silver's great disconnect: MCX prices soar but ETFs crash 8%. What's r,NEUTRAL,0.5,True,SIL,0.5,0.0,LOW,3,"{'icon': '🟡', 'text': 'WATCH', 'type': 'recommendation_watch'}",General,default
CCCL,Consumer durables firms ring in chartbuster Diwali; sales surge up to ,NEGATIVE,0.9,True,CCCL,0.5,0.0,LOW,3,"{'icon': '❌', 'text': 'AVOID', 'type': 'recommendation_avoid'}",General,default
CCCL,"UnearthIQ, Smartworks partner to provide consultancy services for GCC ",NEUTRAL,0.5,True,CCCL,0.5,0.0,LOW,3,"{'icon': '🟡', 'text': 'WATCH', 'type': 'recommendation_watch'}",General,default
